Project number,The date,Region,The town/village,Home address,County/City,Initial year of exploitation ,Building Total Area,Room volume,Average floor height,Reference area,Above-ground floors,Underground floor,Mansard,Roof floor,Initial energy class ,Energy consumption before,Heat energy consumption before,Carbon dioxide emissions before,Carrying out construction works ,Reconstruction of engineering systems,Water heating system,Heat installation,Energy audit number,Energy class after,Heat energy consumption after,Consumption for hot water after,Consumption for mechanical ventilation after,Consumption for lighting after,Consumption for cooling after,Energy consumption after,Heat saving for heating,Total energy consumption saving,Saving of heat energy ,Primary non-renewable energy,Primary total energy consumption,Almost zero energy building,Carbon dioxide emission tons after,Carbon dioxide emission after,Area of the external surface,Average heat transfer coefficient,Average heat transfer coefficient_1,Building calculated heat loss coefficient,Building allowable heat loss coefficient,Indoor temperature heating,Indoor temperature for cooling,Air exchange rate,Ventilation heat loss coefficient,Energy resource for heating 1,Energy resource for heating 2,Energy resource for hot water 1,Energy resource for hot water 2,Energy resource for ventilation,Energy resource for cooling 1,Energy resource for cooling 2,CO2 emission factor for heating 1,CO2 emission factor for heating 2,CO2 emission factor for hot water 1,CO2 emission factor for hot water 2,CO2 emission factor for ventilation,CO2 emission factor for cooling 1,CO2 emission factor for cooling 2,Non-renewable factor for heating 1,Non-renewable factor for heating 2,Non-renewable factor for water 1,Non-renewable factor for water 2,Non-renewable factor for ventilation,Non-renewable factor for cooling 1,Non-renewable factor for cooling 2,Renewable factor for heating 1,Renewable factor for heating 2,Renewable factor for water 1,Renewable factor for water 2,Renewable factor for ventilation,Renewable factor for cooling 1,Renewable factor for cooling 2,Total factor for heating 1,Total factor for heating 2,Total factor for water 1,Total factor for water 2,Total factor for ventilation,Total factor for cooling 1,Total factor for cooling 2
PME2-1902,16.02.2023,Rīgas,Jaunmārupe,Kārkliņu iela 21,Mārupes novads,2016,158.4,331.82,2.36,140.6,2,0,1,0,D,133,111,28.8,1,1,0,0,BIS-ĒED-2-2023-1060,C,75,22,5,0,0,103,36,30,32.43,129,135,0,3.03,21.53,431,0.3,0.3,1,1.23,19.4,25,0.49,0.13,Gas,Electricity from the grid,Gas,Electricity from the grid,Electricity from the grid,-,-,202,109,202,109,109,-,-,1.1,1.9,1.1,1.9,1.9,-,-,0,0.6,0,0.6,0.6,-,-,1.1,2.5,1.1,2.5,2.5,-,-
PME2-1826,11.01.2023,Zemgales,Jelgava,Dārzkopju iela 12,Jelgava,2007,244.97,615.01,2.64,232.96,2,0,0,0,D,144.41,124.1,5.46,1,1,0,0,BIS-ĒED-2-2023-15,C,88,20,1,0,20,129,36.1,15.41,29.09,43,135,0,1.37,5.86,668,0.29,0.3,1.1,1.12,20,0,0.47,0.39,Solid biofuel,Centralized heat supply from a specific supplier,Centralized heat supply from a specific supplier,-,Electricity from the grid,Electricity from the grid,-,40,37.8,37.8,-,109,109,-,0.2,0.15,0.15,-,1.9,1.9,-,1,0.55,0.55,-,0.6,0.6,-,1.2,0.7,0.7,-,2.5,2.5,-
PME2-1792,30.12.2022,Rīgas,Ikšķile,Pārbrauktuves iela 3   ,Ogres novads,2017,212.5,316.75,2.18,145.3,2,1,1,0,D,118.7,96.3,5.75,0,1,0,0,BIS-ĒED-2-2023-1064,B,62,22,6,0,0,91,34.3,27.7,35.62,35,137,0,0.69,4.78,348,0.3,0.29,0.78,0.95,20,25,0.53,0.14,Electricity from the grid,Solid biofuel,Electricity from the grid,Solid biofuel,Electricity from the grid,-,-,109,40,109,40,109,-,-,1.9,0.2,1.9,0.2,1.9,-,-,0.6,1,0.6,1,0.6,-,-,2.5,1.2,2.5,1.2,2.5,-,-
PME2-1734,05.12.2022,Rīgas,"Garciems, Carnikavas pagasts",Palejas iela 12A,Ādažu novads,1982,79.3,153.12,2.4,63.8,2,0,0,0,E,170.17,152.46,37.76,1,0,0,0,BIS-ĒED-2-2022-6368,C,80,18,1,0,0,98,72.46,72.17,47.53,120,121,0,1.4,21.97,178,0.36,0.31,1.28,1.56,20,27,0.39,0.31,Gas,-,Gas,-,Electricity from the grid,-,-,202,-,202,-,109,-,-,1.1,-,1.1,-,1.9,-,-,0,-,0,-,0.6,-,-,1.1,-,1.1,-,2.5,-,-
PME2-1657,14.11.2022,Rīgas,Garciems,Palejas iela 12,Ādažu novads,1982,69.3,153.12,2.4,63.8,2,0,0,0,E,170.17,152.46,38.2,1,0,0,0,BIS-ĒED-2-2022-6367,C,88,18,1,0,0,106,64.46,64.17,42.28,130,131,0,1.52,23.8,187,0.37,0.33,1.44,1.74,20,27,0.39,0.31,Gas,-,Gas,-,Electricity from the grid,-,-,202,-,202,-,109,-,-,1.1,-,1.1,-,1.9,-,-,0,-,0,-,0.6,-,-,1.1,-,1.1,-,2.5,-,-
PME2-1637,10.11.2022,Rīgas,Jaunmārupe,Vītolu iela 12,"Mārupes  pagasts, Mārupes novads",2019,161.6,417.61,2.89,144.5,1,0,0,0,D,151,129,5.03,1,1,0,0,BIS-ĒED-2-2023-128,C,82,22,7,0,0,112,47,39,36.43,75,171,0,0.63,4.35,524,0.26,0.31,0.99,1.41,20,25,0.48,0.13,Electricity from the grid,"Aerothermal, geothermal, hydrothermal and marine energy, hydropower",Electricity from the grid,"Aerothermal, geothermal, hydrothermal and marine energy, hydropower",Electricity from the grid,-,-,109,0,109,0,109,-,-,1.9,0,1.9,0,1.9,-,-,0.6,1,0.6,1,0.6,-,-,2.5,1,2.5,1,2.5,-,-
PME2-1620,08.11.2022,Rīgas,Jaunmārupe,Vītolu iela 25,Mārupes novads,2020,176.8,420.66,3.42,123,1,0,0,0,D,126.5,106.1,23.1,0,1,0,0,BIS-ĒED-2-2023-127,B,60,20,8,0,0,89,46.1,37.5,43.45,101,109,0,1.9,15.48,450,0.18,0.24,0.72,1.15,20,25,0.46,0.14,Electricity from the grid,Gas,Gas,Electricity from the grid,Electricity from the grid,-,-,109,202,202,109,109,-,-,1.9,1.1,1.1,1.9,1.9,-,-,0.6,0,0,0.6,0.6,-,-,2.5,1.1,1.1,2.5,2.5,-,-
PME2-1619,07.11.2022,Zemgales,Ozolnieki,Egļu iela 20,"Ozolnieku pagasts, Jelgavas novads",2021,121.3,333.58,2.75,121.3,1,0,0,0,D,156.8,127,7.57,0,1,0,0,BIS-ĒED-2-2022-6216,C,89,30,7,0,0,125,38,31.8,29.92,45,187,0,0.79,6.49,536,0.24,0.27,1.13,1.62,20,25,0.48,0.16,Electricity from the grid,Solid biofuel,Electricity from the grid,Solid biofuel,Electricity from the grid,-,-,109,40,109,40,109,-,-,1.9,0.2,1.9,0.2,1.9,-,-,0.6,1,0.6,1,0.6,-,-,2.5,1.2,2.5,1.2,2.5,-,-
PME2-186,02.11.2022,Rīgas,Salaspils pagasts,"""JAUNSTRAZDIŅI""","Salaspils pagasts, Salaspils novads",2010,365.7,443.44,2.3,192.8,2,1,1,0,D,158.6,125.1,9.75,1,0,0,0,BIS-ĒED-2-2023-587,C,69,25,0,0,8,103,56.1,55.6,44.84,158,178,0,0.96,4.97,479,0.25,0.3,0.66,0.92,20,20,0.4,0.31,Wood/wood waste,,Electricity from the grid,,,Electricity from the grid,-,15.6,-,109,-,-,109,-,1.1,-,1.9,-,-,1.9,-,0,-,0.6,-,-,0.6,-,1.1,-,2.5,-,-,2.5,-
PME2-1597,02.11.2022,Kurzemes,Liepāja,Saldus iela 26,Liepāja,1958,118.9,292.5,2.6,112.5,2,0,0,0,D,129.02,108.92,28.96,1,1,1,0,BIS-ĒED-2-2023-1488,C,86,20,3,0,0,109,22.92,20.02,21.04,73,167,0,0.48,4.22,468,0.35,0.26,1.73,1.8,20,27,0.25,0.21,"Aerothermal, geothermal, hydrothermal and marine energy, hydropower",Electricity from the grid,"Aerothermal, geothermal, hydrothermal and marine energy, hydropower",Electricity from the grid,Electricity from the grid,-,-,0,109,0,109,109,-,-,0,1.9,0,1.9,1.9,-,-,1,0.6,1,0.6,0.6,-,-,1,2.5,1,2.5,2.5,-,-
PME2-862,10.10.2022,Rīgas,Tume,Meža iela 18 ,"Tumes pagasts, Tukuma novads",1973,158.3,322.65,2.39,135,1,1,0,0,F,176.01,151.29,7.04,1,1,0,0,BIS-ĒED-2-2022-5972,C,70,25,0,0,0,95,81.29,81.01,53.73,19,114,0,0.51,3.8,432,0.34,0.26,1.09,0.85,20,27,0.4,0.33,Solid biofuel,-,Solid biofuel,-,-,-,-,40,-,40,-,-,-,-,0.2,-,0.2,-,-,-,-,1,-,1,-,-,-,-,1.2,-,1.2,-,-,-,-
PME2-1372,05.10.2022,Rīgas,Jaunolaine,Vidagas iela 4,Olaines novads,2021,141.8,278.7,3,92.9,1,0,0,0,D,130.66,105.51,0,1,1,0,0,BIS-ĒED-2-2023-1266,B,74,25,2,0,0,102,31.51,28.66,29.86,4,64,0,0.03,0.27,350,0.29,0.39,1.1,1.5,20,25,0.37,0.1,"Aerothermal, geothermal, hydrothermal and marine energy, hydropower",-,"Aerothermal, geothermal, hydrothermal and marine energy, hydropower",-,Electricity from the grid,-,-,0,-,0,-,109,-,-,0,-,0,-,1.9,-,-,1,-,1,-,0.6,-,-,1,-,1,-,2.5,-,-
PME2-1377,05.10.2022,Zemgales,Jelgava,3. līnija 9L,Jelgava,2021,223.5,314.72,2.8,136.8,1,0,0,0,D,121,98,5.85,0,1,0,0,BIS-ĒED-2-2022-5484,B,63,27,7,0,0,98,35,23,35.71,40,149,0,0.59,5.27,436,0.18,0.27,0.77,1.39,20,25,0.55,0.19,Electricity from the grid,Solid biofuel,Solid biofuel,Electricity from the grid,Electricity from the grid,-,-,109,40,40,109,109,-,-,1.9,0.2,0.2,1.9,1.9,-,-,0.6,1,1,0.6,0.6,-,-,2.5,1.2,1.2,2.5,2.5,-,-
PME2-1454,05.10.2022,Rīgas,Vālodzes,Strautu iela 6,Ropažu novads,1986,161.5,255.25,2.5,102.1,2,1,1,0,F,189.24,174.94,7.57,1,0,0,0,BIS-ĒED-2-2023-897,C,77,23,0,0,0,100,97.94,89.24,55.98,212,121,0,2.28,22.36,309,0.27,0.28,0.83,0.85,19,25,0.41,0.35,Gas,-,Gas,-,-,-,-,202,-,202,-,-,-,-,1.1,-,1.1,-,-,-,-,0,-,0,-,-,-,-,1.1,-,1.1,-,-,-,-
PME2-1338,19.09.2022,Rīgas,Sigulda,Ceriņu iela 5,Siguldas novads,1987,162,363.38,2.55,199,2,1,0,0,F,199,162,38.75,1,0,0,0,BIS-ĒED-2-2022-5802,C,90,20,0,0,17,127,72,72,44.44,153,164,0,3.44,24.12,441,0.29,0.3,0.97,1.18,20,20,0.36,0.31,Gas,-,Gas,-,-,Electricity from the grid,-,202,-,202,-,-,109,-,1.1,-,1.1,-,-,1.9,-,0,-,0,-,-,0.6,-,1.1,-,1.1,-,-,2.5,-
PME2-1257,16.09.2022,Rīgas,,Parka iela 2,Rīga,2008,165.6,404.83,2.47,163.9,2,0,1,0,E,164.3,138.1,35.82,1,0,0,0,BIS-ĒED-2-2022-6003,C,79,26,0,0,0,105,59.1,59.3,42.8,127,128,0,3.74,22.81,443,0.26,0.28,0.76,1.04,20,25,0.4,0.33,Electricity from the grid,Gas,Electricity from the grid,Gas,-,-,-,109,202,109,202,-,-,-,1.9,1.1,1.9,1.1,-,-,-,0.6,0,0.6,0,-,-,-,2.5,1.1,2.5,1.1,-,-,-
PME2-1108,13.09.2022,Rīgas,Ādaži,Koku iela 15,Ādažu novads,2008,211.7,495.02,2.65,186.8,2,1,0,0,D,161.8,115.6,30.87,0,1,0,0,BIS-ĒED-2-2022-5906,C,90,26,0,0,22,137,25.6,24.8,22.15,168,181,0,4.8,25.68,662,0.34,0.33,1.23,1.4,20,20,0.36,0.32,Gas,-,Gas,-,-,Electricity from the grid,-,202,-,202,-,-,109,-,1.1,-,1.1,-,-,1.9,-,0,-,0,-,-,0.6,-,1.1,-,1.1,-,-,2.5,-
PME2-1107,06.09.2022,Rīgas,Kākciems,"""Guntiņas""",Ropažu novads,2019,237.8,407.47,2.27,179.5,2,0,1,0,D,123,105,5.98,0,1,0,0,BIS-ĒED-2-2022-5224,C,69,17,6,0,0,92,36,31,34.29,37,140,0,0.88,4.92,508,0.29,0.29,0.88,1.07,20,25,0.49,0.07,Electricity from the grid,Solid biofuel,Electricity from the grid,Solid biofuel,Electricity from the grid,-,-,109,40,109,40,109,-,-,1.9,0.2,1.9,0.2,1.9,-,-,0.6,1,0.6,1,0.6,-,-,2.5,1.2,2.5,1.2,2.5,-,-
PME2-1166,05.09.2022,Rīgas,Sigulda,Ogu iela 1,Siguldas novads,2004,128,336.96,2.7,124.8,2,0,0,1,D,145,97,10.09,1,0,0,0,BIS-EED-2-2022-5571,C,75,30,0,0,18,123,22,22,22.68,194,223,0,0.84,6.7,329,0.28,0.32,0.8,1.09,20,20,0.36,0.33,Wood/wood waste,-,Electricity from the grid,-,-,Electricity from the grid,-,15.6,-,109,-,-,109,-,1.1,-,1.9,-,-,1.9,-,0,-,0.6,-,-,0.6,-,1.1,-,2.5,-,-,2.5,-
PME2-72,03.08.2022,Zemgales,Zaļenieku pagasts,"""Laimes""",Jelgavas novads,1925,104.5,381.47,2.45,97.1,1,0,1,0,E,192,172.6,5.48,1,0,0,0,BIS-ĒED-2-2022-5231,C,80,16,0,0,0,96,92.6,96,53.65,141,150,0,0.52,3.32,426,0.22,0.25,0.73,0.83,20,27,0.36,0.29,Wood/wood waste,-,Electricity from the grid,-,-,-,-,15.6,-,109,-,-,-,-,1.1,-,1.9,-,-,-,-,0,-,0.6,-,-,-,-,1.1,-,2.5,-,-,-,-
PME2-1018,02.08.2022,Zemgales,Jelgava,Romas iela 34,Jelgava,1998,144.6,371.62,2.57,144.6,2,0,0,0,C,96.6,72.5,52.61,0,1,0,0,BIS-ĒED-2-2022-5935,B,57,24,3,0,0,87,15.5,9.6,21.38,144,151,0,5.99,51.4,452,0.29,0.31,0.91,0.95,19.5,27,0.75,0.66,Electricity from the grid,Coal (anthracite),Coal (anthracite),-,Electricity from the grid,-,-,109,354,354,-,109,-,-,1.9,1.1,1.1,-,1.9,-,-,0.6,0,0,-,0.6,-,-,2.5,1.1,1.1,-,2.5,-,-
PME2-1014,30.07.2022,Kurzemes,Ventspils,Tērauda iela 14,Ventspils,2009,249.3,381.51,2.33,163.74,2,0,0,0,C,92,71,4.1,1,1,0,0,BIS-ĒED-2-2022-6208,A,50,21,28,0,34,133,21,-41,29.58,0,132,0,0,0,452,0.33,0.33,0.95,1.14,20.4,22.4,0.49,0.39,Photovoltaic cells,"Aerothermal, geothermal, hydrothermal and marine energy, hydropower",Photovoltaic cells,"Aerothermal, geothermal, hydrothermal and marine energy, hydropower",Photovoltaic cells,Photovoltaic cells,-,0,0,0,0,0,0,-,0,0,0,0,0,0,-,1,1,1,1,1,1,-,1,1,1,1,1,1,-
PME2-990,26.07.2022,Rīgas,Jaunmārupe,Pļavu iela 5,Mārupes novads,1999,336,568,2.5,227,2,1,0,1,D,136,109,27,1,0,0,0,BIS-ĒED-2-2022-5947,C,82,22,0,0,6,110,27,26,24.77,125,128,0,4.91,21.62,518,0.3,0.3,0.7,0.8,20,20,0.4,0.3,Gas,-,Gas,-,-,Electricity from the grid,-,202,-,202,-,-,109,-,1.1,-,1.1,-,-,1.9,-,0,-,0,-,-,0.6,-,1.1,-,1.1,-,-,2.5,-
PME2-822,26.07.2022,Rīgas,Mārupe,Lielā iela 54,Mārupes novads,2002,198,540.54,2.73,198,2,0,1,0,F,171.9,155.9,31.92,1,1,0,0,BIS-ĒED-2-2022-4564,C,82,16,7,0,0,105,73.9,66.9,47.4,115,121,0,3.72,18.8,495,0.35,0.27,0.93,0.92,20,25,0.46,0.11,Gas,Electricity from the grid,Gas,Electricity from the grid,Electricity from the grid,-,-,202,109,202,109,109,-,-,1.1,1.9,1.1,1.9,1.9,-,-,0,0.6,0,0.6,0.6,-,-,1.1,2.5,1.1,2.5,2.5,-,-
PME2-906,22.07.2022,Rīgas,Engure,Rosmes iela 10,"Engures pagasts, Tukuma novads",1970,232.1,135,2.48,135,2,1,0,0,C,108,80,4.6,1,0,0,0,BIS-ĒED-2-2022-6432,B,55,29,0,0,0,84,25,24,31.25,35,128,0,0.61,4.54,308,0.34,0.36,0.82,0.99,20.4,22.4,0.35,0.3,Solid biofuel,-,Electricity from the grid,Solid biofuel,-,-,-,40,-,109,40,-,-,-,0.2,-,1.9,0.2,-,-,-,1,-,0.6,1,-,-,-,1.2,-,2.5,1.2,-,-,-
PME2-872,07.07.2022,Rīgas,Ikšķile,Lībiešu iela 45,Ogres novads,2018,212.6,488.98,2.3,212.6,2,1,0,1,E,172.1,149.3,34.37,1,0,0,0,BIS-ĒED-2-2022-5662,C,86,18,0,0,6,110,63.3,62.1,42.4,126,129,0,4.62,21.75,564,0.32,0.26,0.88,0.87,20,20,0.36,0.28,Gas,-,Gas,-,-,Electricity from the grid,-,202,-,202,-,-,109,-,1.1,-,1.1,-,-,1.9,-,0,-,0,-,-,0.6,-,1.1,-,1.1,-,-,2.5,-
PME2-152,29.06.2022,Rīgas,,Taures iela 1,Rīga,1960,157.2,411.05,2.5,153.17,2,1,0,0,F,209.37,195.06,42.3,1,1,0,0,BIS-ĒED-2-2022-6286,C,75,13,2,0,0,90,120.06,119.37,61.55,110,111,0,3.29,20,475,0.3,0.3,0.73,0.73,20,25,0.36,0.07,Gas,-,Gas,-,Electricity from the grid,-,-,202,-,202,-,109,-,-,1.1,-,1.1,-,1.9,-,-,0,-,0,-,0.6,-,-,1.1,-,1.1,-,2.5,-,-
PME2-814,28.06.2022,Rīgas,Babīte,Dārza iela 1A,"Babītes pagasts, Mārupes novads",1973,102.9,244.97,2.62,93.5,1,0,0,0,D,173.08,137.77,34.96,1,0,0,0,BIS-ĒED-2-2022-4884,C,81,35,0,0,0,116,56.77,57.08,41.21,128,128,0,2.2,23.53,352,0.26,0.3,0.97,1.12,20,27,0.5,0.45,Gas,-,Gas,-,-,-,-,202,-,202,-,-,-,-,1.1,-,1.1,-,-,-,-,0,-,0,-,-,-,-,1.1,-,1.1,-,-,-,-
PME2-796,22.06.2022,Rīgas,"Carnikava, Carnikavas pagasts",Zelmeņu iela 11A,Ādažu novads,2022,139.7,264.74,2.65,99.9,1,0,0,0,D,131.2,100,26.7,0,1,0,0,BIS-ĒED-2-2022-4135,A,58,31,6,0,20,115,42,16.2,42,124,133,0,1.92,19.24,377,0.19,0.27,0.77,1.32,20,25,0.56,0.2,Electricity from the grid,Gas,Electricity from the grid,Gas,Electricity from the grid,Electricity from the grid,-,109,202,109,202,109,109,-,1.9,1.1,1.9,1.1,1.9,1.9,-,0.6,0,0.6,0,0.6,0.6,-,2.5,1.1,2.5,1.1,2.5,2.5,-
PME2-649,22.06.2022,Rīgas,Krogsils,Runcīšu iela 6,Ķekavas novads,2009,194.5,429.93,2.44,176.2,2,0,1,0,D,115,99,3.76,0,1,0,0,BIS-ĒED-2-2022-4768,C,66,16,6,0,0,88,33,27,33.33,59,135,0,0.6,3.41,441,0.34,0.31,0.92,1.07,20,25,0.47,0.08,Electricity from the grid,"Aerothermal, geothermal, hydrothermal and marine energy, hydropower",Electricity from the grid,"Aerothermal, geothermal, hydrothermal and marine energy, hydropower",Electricity from the grid,-,-,109,0,109,0,109,-,-,1.9,0,1.9,0,1.9,-,-,0.6,1,0.6,1,0.6,-,-,2.5,1,2.5,1,2.5,-,-
PME2-782,21.06.2022,Rīgas,Rīga,Eiženijas iela 7,Rīga,1962,76.1,212,3.15,73.66,1,1,0,0,F,253,215,8.25,1,1,0,0,BIS-ĒED-2-2022-5889,C,95,42,8,0,0,144,120,109,55.81,95,219,0,0.37,5.51,350,0.24,0.26,1.35,1.86,20,25,0.45,0.09,Electricity from the grid,"Aerothermal, geothermal, hydrothermal and marine energy, hydropower",Electricity from the grid,"Aerothermal, geothermal, hydrothermal and marine energy, hydropower",Electricity from the grid,-,-,109,0,109,0,109,-,-,1.9,0,1.9,0,1.9,-,-,0.6,1,0.6,1,0.6,-,-,2.5,1,2.5,1,2.5,-,-
PME2-785,21.06.2022,Kurzemes,Tadaiķu pagasts,"""Brieži""",DienvidKurzemess novads,1930,99.5,248.75,2.5,96,2,0,0,0,D,160.7,124.3,6.43,1,0,0,0,BIS-ĒED-2-2022-5580,B,62,36,0,0,0,99,62.3,61.7,50.12,19,118,0,0.39,3.95,259,0.36,0.35,1,1.86,20,25,0.37,0.44,Solid biofuel,-,Solid biofuel,-,-,-,-,40,-,40,-,-,-,-,0.2,-,0.2,-,-,-,-,1,-,1,-,-,-,-,1.2,-,1.2,-,-,-,-
PME2-775,20.06.2022,Rīgas,Mārupe,Stīpnieku ceļš 14,Mārupes novads,1995,219.1,297.93,2.23,133.6,1,1,1,0,F,185.37,159.1,8.24,1,0,0,0,BIS-ĒED-2-2022-6330,C,70,26,0,0,20,116,89.1,69.37,56,35,152,0,0.7,5.25,376,0.3,0.3,0.9,1.2,18,0,0.5,0.4,Solid biofuel,-,Solid biofuel,-,-,Electricity from the grid,-,40,-,40,-,-,109,-,0.2,-,0.2,-,-,1.9,-,1,-,1,-,-,0.6,-,1.2,-,1.2,-,-,2.5,-
PME2-763,17.06.2022,Rīgas,Ādaži,Skolas iela 16,Ādažu novads,1985,245.8,374,76,155.5,2,1,0,0,F,207.6,175.2,6.47,1,0,0,0,BIS-ĒED-2-2022-4127,C,66,29,0,0,0,96,109.2,111.6,62.33,96,105,0,3,19.3,422,0.35,0.28,1.26,2.6,18,25,0.48,0.24,Gas,-,Gas,-,-,-,-,202,-,202,-,-,-,-,1.1,-,1.1,-,-,-,-,0,-,0,-,-,-,-,1.1,-,1.1,-,-,-,-
PME2-721,14.06.2022,Rīgas,Sigulda,Šveices iela 21,Siguldas novads,1900,368.8,775.22,2.7,287.12,2,1,0,0,D,97.2,110.7,5.99,1,0,0,0,BIS-ĒED-2-2022-3676,C,77,8,0,0,6,91,33.7,6.2,30.44,128,131,0,0.66,2.31,699,0.25,0.26,0.63,0.84,20,20,0.4,0.37,Wood/wood waste,-,Wood/wood waste,-,-,Electricity from the grid,-,15.6,-,15.6,-,-,109,-,1.1,-,1.1,-,-,1.9,-,0,-,0,-,-,0.6,-,1.1,-,1.1,-,-,2.5,-
PME2-46,14.06.2022,Kurzemes,Ugāles pagasts,"""Viesturi""",Ventspils novads,1938,87,328.08,4.19,78,1,0,1,0,D,210,140,12,1,0,0,0,BIS-ĒED-2-2022-4822,C,86,20,0,0,20,156,54,54,38.57,123,266,0,0.77,9.8,357,0.25,0.33,1.12,1.51,18,26,0.35,0.5,Solid biofuel,-,Electricity from the grid,-,-,"Aerothermal, geothermal, hydrothermal and marine energy, hydropower",Electricity from the grid,40,-,109,-,-,0,109,0.2,-,1.9,-,-,0,1.9,1,-,0.6,-,-,1,0.6,1.2,-,2.5,-,-,1,2.5
PME2-510,13.06.2022,Rīgas,Jaunolaine,Pionieru iela 50,Olaines novads,1984,94.6,192.58,2.66,72.4,1,1,0,0,F,263.04,237.9,10.52,1,0,0,0,BIS-ĒED-2-2022-4887,B,66,25,0,0,0,91,171.9,172.04,72.26,18,109,0,0.26,3.65,291,0.22,0.25,0.9,1.01,20,27,0.5,0.46,Solid biofuel,-,Solid biofuel,-,-,-,-,40,-,40,-,-,-,-,0.2,-,0.2,-,-,-,-,1,-,1,-,-,-,-,1.2,-,1.2,-,-,-,-
PME2-342,13.06.2022,Kurzemes,Pāvilosta,E. Šneidera laukums 6,DienvidKurzemess novads,1930,152.9,303.06,2.08,145.7,2,0,0,0,D,139,124.4,5.56,1,0,0,0,BIS-ĒED-2-2022-6392,C,85,16,0,0,0,101,39.4,38,31.67,20,121,0,0.59,4.04,261,0.26,0.25,1.12,2.13,19,25,0.49,0.39,Solid biofuel,-,Solid biofuel,-,-,-,-,40,-,40,-,-,-,-,0.2,-,0.2,-,-,-,-,1,-,1,-,-,-,-,1.2,-,1.2,-,-,-,-
PME2-701,10.06.2022,Rīgas,"Bukulti, Garkalnes pagasts",Vasaras iela 5A,Ropažu novads,2010,293.5,592.28,2.6,218.4,3,0,0,0,D,117.04,107.14,5.39,1,0,0,0,BIS-ĒED-2-2022-5914,C,85,10,0,0,0,95,22.14,22.04,20.66,104,104,0,4.37,19.19,691,0.49,0.31,1.43,2.37,18,25,0.48,0.45,Gas,-,Gas,-,-,-,-,202,-,202,-,-,-,-,1.1,-,1.1,-,-,-,-,0,-,0,-,-,-,-,1.1,-,1.1,-,-,-,-
PME2-222,09.06.2022,Rīgas,,Vienības prospekts 30 k-5,Jūrmala,1968,135.3,343.66,2.54,135.3,2,0,0,0,E,246.45,173.45,49.78,1,0,0,0,BIS-ĒED-2-2022-4902,C,82,71,0,0,0,153,91.45,93.45,52.72,168,168,0,2.56,18.92,345,0.3,0.4,0.8,1,20,24,0.5,0.4,Gas,-,Gas,-,-,-,-,56.1,-,202,-,-,-,-,1.1,-,1.1,-,-,-,-,0,-,0,-,-,-,-,1.1,-,1.1,-,-,-,-
PME2-384,07.06.2022,Rīgas,Jaunmārupe,Meža iela 15,"Mārupes pagasts, Mārupes novads",2005,174.1,314.78,2.25,139.9,1,0,1,0,D,122.44,106,27.48,1,1,0,0,BIS-EED-2-2023-487,C,76,16,2,0,20,114,30,8.44,28.3,133,141,0,2.94,21.05,402,0.43,0.29,1.29,1.18,19,0,0.71,0.37,Electricity from the grid,Gas,Gas,-,Electricity from the grid,Electricity from the grid,-,109,202,202,-,109,109,-,1.9,1.1,1.1,-,1.9,1.9,-,0.6,0,0,-,0.6,0.6,-,2.5,1.1,1.1,-,2.5,2.5,-
PME2-677,07.06.2022,Rīgas,Jaunolaine,Pionieru iela 42,"Olaines pagasts, Olaines novads",2003,238,355.8,2.62,135.8,2,1,0,0,D,123.36,145.69,5.83,1,0,0,0,BIS-ĒED-2-2022-3921,C,83,22,0,0,0,105,62.69,18.36,43.03,58,155,0,0.78,5.75,442,0.28,0.29,0.9,0.93,20,27,0.4,0.35,Solid biofuel,-,Electricity from the grid,-,-,-,-,40,-,109,-,-,-,-,0.2,-,1.9,-,-,-,-,1,-,0.6,-,-,-,-,1.2,-,2.5,-,-,-,-
PME2-660,06.06.2022,Rīgas,Mārupe,Kurpnieku iela 11,"Mārupes pagasts, Mārupes novads",2018,271.4,405.29,2.34,173.2,2,0,0,0,D,130.39,102.15,26.34,0,1,0,0,BIS-ĒED-2-2022-4905,C,81,0,0,0,0,81,21.15,49.39,20.7,88,88,0,2.83,16.33,547,0.41,0.32,1.3,1.01,20,27,0.4,0.32,Gas,-,-,-,-,-,-,202,-,-,-,-,-,-,1.1,-,-,-,-,-,-,0,-,-,-,-,-,-,1.1,-,-,-,-,-,-
PME2-247,01.06.2022,Zemgales,Jelgava,Ceriņu iela 12,Jelgava,1971,193.8,462,2.64,175,2,0,1,0,E,201.1,146.6,37.13,1,0,0,0,BIS-ĒED-2-2022-5122,C,72,35,0,0,20,126,74.6,75.1,50.89,126,144,0,3.85,21.98,643,0.36,0.35,1.34,1.28,17,26,0.3,0.28,Gas,-,Gas,-,-,"Aerothermal, geothermal, hydrothermal and marine energy, hydropower",Electricity from the grid,202,-,202,-,-,0,109,1.1,-,1.1,-,-,0,1.9,0,-,0,-,-,1,0.6,1.1,-,1.1,-,-,1,2.5
PME2-635,31.05.2022,Rīgas,Mārupe,Zieduklēpju iela 13,"Mārupes pagasts, Mārupes novads",2014,351.6,776.72,2.8,277.4,3,0,1,0,D,106.04,85.24,21.42,1,1,0,0,BIS-ĒED-2-2023-296,C,68,21,1,0,0,90,17.24,16.04,20.23,108,108,0,5.43,19.57,849,0.35,0.45,1.08,1.37,17.6,26,0.32,0.23,Gas,-,Gas,-,Electricity from the grid,-,-,202,-,202,-,109,-,-,1.1,-,1.1,-,1.9,-,-,0,-,0,-,0.6,-,-,1.1,-,1.1,-,2.5,-,-
PME2-621,30.05.2022,Rīgas,Baloži,Dārzu iela 1,Ķekavas novads,2014,224.6,345.84,2.41,143.5,2,1,0,0,F,239.2,218.3,11.42,1,1,0,0,BIS-ĒED-2-2023-687,C,82,21,4,0,0,108,136.3,131.2,62.44,37,159,0,0.79,5.5,429,0.32,0.31,1.02,1.22,20,25,0.49,0.12,Electricity from the grid,Solid biofuel,Electricity from the grid,Solid biofuel,Electricity from the grid,-,-,109,40,109,40,109,-,-,1.9,0.2,1.9,0.2,1.9,-,-,0.6,1,0.6,1,0.6,-,-,2.5,1.2,2.5,1.2,2.5,-,-
PME2-523,26.05.2022,Rīgas,"Ķekava, Ķekavas pagasts",Upesciema iela 2,Ķekavas novads,2007,189.8,324.63,2.45,132.5,2,0,1,0,D,125,102,27.07,1,1,0,0,BIS-ĒED-2-2022-6197,B,57,23,6,0,0,86,45,39,44.12,109,115,0,2.38,17.98,354,0.29,0.31,0.83,1.11,20,25,0.45,0.05,Electricity from the grid,Gas,Electricity from the grid,Gas,Electricity from the grid,-,-,109,202,109,202,109,-,-,1.9,1.1,1.9,1.1,1.9,-,-,0.6,0,0.6,0,0.6,-,-,2.5,1.1,2.5,1.1,2.5,-,-
PME2-573,24.05.2022,Rīgas,Sigulda,Pulkveža Brieža iela 54,Siguldas novads,1970,173.5,399.5,2.5,159.8,2,1,0,0,D,154,119,31.85,1,1,0,0,BIS-ĒED-2-2022-4695,C,74,26,0,0,13,113,45,41,37.82,135,143,0,3.46,21.63,397,0.37,0.31,0.97,0.97,20,24,0.36,0.31,Gas,-,Gas,-,-,Electricity from the grid,-,202,-,202,-,-,109,-,1.1,-,1.1,-,-,1.9,-,0,-,0,-,-,0.6,-,1.1,-,1.1,-,-,2.5,-
PME2-569,24.05.2022,Rīgas,,Maija iela 14,Rīga,1997,242.2,565.38,2.7,209.4,2,1,1,0,F,206.86,192.55,41.79,1,0,0,0,BIS-ĒED-2-2023-494,C,75,14,0,0,0,90,117.55,116.86,61.05,109,109,0,4.22,20.15,819,0.25,0.3,0.97,1.2,20,25,0.34,0.13,Gas,-,Gas,-,-,-,-,202,-,202,-,-,-,-,1.1,-,1.1,-,-,-,-,0,-,0,-,-,-,-,1.1,-,1.1,-,-,-,-
PME2-454,23.05.2022,Rīgas,"Skuķīši, Garkalnes pagasts",13. šķērslīnija 4,Ropažu novads,1990,110.6,239.46,2.6,92.1,2,1,0,0,E,222.4,179.2,14.07,1,0,0,0, BIS-ĒED-2-2022-6398,C,88,29,0,0,16,134,91.2,88.4,50.89,192,202,0,0.38,4.08,295,0.31,0.32,1.08,1.42,20,24,0.36,0.32,Wood/wood waste,-,Wood/wood waste,-,-,Electricity from the grid,-,15.6,-,15.6,-,-,109,-,1.1,-,1.1,-,-,1.9,-,0,-,0,-,-,0.6,-,1.1,-,1.1,-,-,2.5,-
PME2-556,23.05.2022,Rīgas,Ogre,Loka iela 1,Ogres novads,1987,211.9,254.25,2.5,101.7,2,1,0,0,F,317.4,291,69.3,1,1,0,0,BIS-ĒED-2-2022-5228,C,86,26,6,0,0,119,205,198.4,70.45,149,155,0,2.54,24.97,326,0.33,0.32,1.14,1.34,20,25,0.49,0.08,Electricity from the grid,Gas,Electricity from the grid,Gas,Electricity from the grid,-,-,109,202,109,202,109,-,-,1.9,1.1,1.9,1.1,1.9,-,-,0.6,0,0.6,0,0.6,-,-,2.5,1.1,2.5,1.1,2.5,-,-
PME2-559,21.05.2022,Rīgas,Dzidriņas,Mazsišu iela 1,"Stopiņu pagasts, Ropažu novads",2009,176,338.29,2.67,126.7,1,0,0,0,D,105,105,7.04,0,1,0,0,BIS-ĒED-2-2022-4801,C,65,24,6,0,0,95,40,10,38.1,39,160,0,0.71,5.57,511,0.24,0.27,0.84,1.15,20,25,0.48,0.12,Electricity from the grid,Solid biofuel,Electricity from the grid,Solid biofuel,Electricity from the grid,-,-,109,40,109,40,109,-,-,1.9,0.2,1.9,0.2,1.9,-,-,0.6,1,0.6,1,0.6,-,-,2.5,1.2,2.5,1.2,2.5,-,-
PME2-541,19.05.2022,Kurzemes,"Anuži, Lubes pagasts","""Pumpuri""",Talsu novads,1983,103.7,222.96,2.15,103.7,2,0,0,0,D,159,119,11.1,1,0,0,0,BIS-ĒED-2-2022-5783,C,81,40,0,0,0,122,38,37,31.93,61,249,0,0.9,8.67,223,0.49,0.3,1.09,0.83,20.5,21.3,0.35,0.26,Solid biofuel,-,Electricity from the grid,Solid biofuel,-,-,-,40,-,109,40,-,-,-,0.2,-,1.9,0.2,-,-,-,1,-,0.6,1,-,-,-,1.2,-,2.5,1.2,-,-,-
PME2-530,18.05.2022,Rīgas,,Puķu iela 88,Jūrmala,1966,238.89,542.72,2.49,217.96,2,0,1,0,E,155,135,28.77,1,1,0,0,BIS-ĒED-2-2022-4735,C,77,20,6,0,0,104,58,51,42.96,112,117,0,4.08,18.71,615,0.32,0.28,0.95,1.02,19.1,25,0.46,0.11,Gas,Electricity from the grid,Gas,Electricity from the grid,Electricity from the grid,-,-,202,109,202,109,109,-,-,1.1,1.9,1.1,1.9,1.9,-,-,0,0.6,0,0.6,0.6,-,-,1.1,2.5,1.1,2.5,2.5,-,-
PME2-489,12.05.2022,Vidzemes,Raiskuma pagasts,"""Virsaiši""",Cēsu novads,1940,123.36,265.22,2.15,123.36,2,0,1,0,D,184.9,160.4,10.03,1,1,0,0,BIS-ĒED-2-2022-6196,C,73,25,6,0,0,104,87.4,80.9,54.49,68,158,0,0.49,3.95,296,0.32,0.28,0.83,0.91,20,25,0.5,0.08,Electricity from the grid,"Aerothermal, geothermal, hydrothermal and marine energy, hydropower",Electricity from the grid,"Aerothermal, geothermal, hydrothermal and marine energy, hydropower",Electricity from the grid,-,-,109,0,109,0,109,-,-,1.9,0,1.9,0,1.9,-,-,0.6,1,0.6,1,0.6,-,-,2.5,1,2.5,1,2.5,-,-
PME2-161,10.05.2022,Rīgas,"Baltezers, Garkalnes pagasts",Kraujas iela 8,Ropažu novads,2009,384.3,625.49,2.45,255.3,2,1,0,0,C,86,69,17.6,1,0,0,0,BIS-ĒED-2-2022-4519,B,51,17,0,0,0,67,18,19,26.09,75,75,0,1.62,6.36,480,0.35,0.37,0.68,0.78,20.5,21.4,0.35,0.29,Gas,-,Gas,-,-,-,-,56.1,-,202,-,-,-,-,1.1,-,1.1,-,-,-,-,0,-,0,-,-,-,-,1.1,-,1.1,-,-,-,-
PME2-440,09.05.2022,Rīgas,Jaunmārupe,Celmu iela 10,"Mārupes pagasts, Mārupes novads",2012,139.7,312.43,2.83,110.4,1,0,0,0,D,153.2,124.5,33.25,0,1,0,0,BIS-ĒED-2-2022-3236,C,83,29,6,0,0,118,41.5,35.2,33.33,147,153,0,2.73,24.77,411,0.26,0.25,1.02,1.26,20,25,0.48,0.13,Electricity from the grid,Gas,Electricity from the grid,Gas,Electricity from the grid,-,-,109,202,109,202,109,-,-,1.9,1.1,1.9,1.1,1.9,-,-,0.6,0,0.6,0,0.6,-,-,2.5,1.1,2.5,1.1,2.5,-,-
PME2-417,05.05.2022,Rīgas,Baloži,Saules iela 18,Ķekavas novads,1998,177.5,351,2.6,135,2,1,0,0,E,133,101,6.2,1,0,0,0,BIS-ĒED-2-2022-5155,A,41,32,0,0,0,73,60,60,59.41,17,103,0,0.47,3.45,311,0.28,0.33,0.67,0.88,20.5,22.3,0.35,0.31,Solid biofuel,-,Solid biofuel,-,-,-,-,40,-,40,-,-,-,-,0.2,-,0.2,-,-,-,-,1,-,1,-,-,-,-,1.2,-,1.2,-,-,-,-
PME2-96,04.05.2022,Rīgas,Ikšķile,Upes iela 14,Ogres novads,1985,228.5,393.5,2.5,157.4,2,1,0,0,E,162.4,130.2,32.01,1,0,0,0,BIS-ĒED-2-2022-3742,C,80,26,0,0,7,113,50.2,49.4,38.56,129,133,0,3.48,22.08,399,0.31,0.3,0.85,0.97,20,24,0.36,0.31,Gas,-,Gas,-,-,Electricity from the grid,-,202,-,202,-,-,109,-,1.1,-,1.1,-,-,1.9,-,0,-,0,-,-,0.6,-,1.1,-,1.1,-,-,2.5,-
PME2-380,03.05.2022,Rīgas,,Dauguļu iela 42,Rīga,2002,233.3,592.58,2.54,233.3,2,0,1,0,E,147,130,28.3,1,1,0,0,BIS-ĒED-2-2022-4732,C,75,16,6,0,0,98,55,49,42.31,110,115,0,4.28,18.36,593,0.34,0.31,0.91,1.04,20,25,0.45,0.11,Electricity from the grid,Gas,Electricity from the grid,Gas,Electricity from the grid,-,-,109,202,109,202,109,-,-,1.9,1.1,1.9,1.1,1.9,-,-,0.6,0,0.6,0,0.6,-,-,2.5,1.1,2.5,1.1,2.5,-,-
PME2-371,02.05.2022,Rīgas,Engure,Kapteiņa iela 8,Tukuma novads,1920,153.7,339.02,2.3,147.4,2,0,0,0,D,117,91,7.6,1,0,0,0,BIS-ĒED-2-2023-423,B,53,26,0,0,0,79,38,38,41.76,33,121,0,0.63,4.28,292,0.38,0.33,0.8,0.78,20.5,21.3,0.35,0.27,Solid biofuel,-,Electricity from the grid,Solid biofuel,-,-,-,40,-,109,40,-,-,-,0.2,-,1.9,0.2,-,-,-,1,-,0.6,1,-,-,-,1.2,-,2.5,1.2,-,-,-
PME2-154,01.05.2022,Vidzemes,Lizums,"""PĪLĀDZĪŠI""","Lizuma pagasts, Gulbenes novads",1975,132.94,345.64,2.6,132.94,2,0,0,1,F,216.7,184.4,12.52,1,0,0,0,BIS-ĒED-2-2022-4811,C,89,21,0,0,12,122,95.4,94.7,51.74,184,204,0,0.71,5.34,403,0.26,0.27,0.85,1.06,20,20,0.36,0.32,Wood/wood waste,-,Electricity from the grid,-,-,Electricity from the grid,-,15.6,-,109,-,-,109,-,1.1,-,1.9,-,-,1.9,-,0,-,0.6,-,-,0.6,-,1.1,-,2.5,-,-,2.5,-
PME2-262,29.04.2022,Kurzemes,Kuldīga,Ziedoņa iela 40,Kuldīgas novads,2020,191.3,436.28,2.6,167.8,1,0,0,0,D,109.1,92.1,3.79,0,1,0,0,BIS-ĒED-2-2022-5791,B,51,17,5,0,20,93,41.1,16.1,44.63,62,128,0,0.6,3.59,584,0.16,0.24,0.63,1.08,20,25,0.49,0.1,Electricity from the grid,"Aerothermal, geothermal, hydrothermal and marine energy, hydropower",Electricity from the grid,"Aerothermal, geothermal, hydrothermal and marine energy, hydropower",Electricity from the grid,Electricity from the grid,-,109,0,109,0,109,109,-,1.9,0,1.9,0,1.9,1.9,-,0.6,1,0.6,1,0.6,0.6,-,2.5,1,2.5,1,2.5,2.5,-
PME2-280,28.04.2022,Rīgas,,Ventspils šoseja 19,Jūrmala,1975,225.9,180.25,2.5,192.1,2,0,1,0,D,138,107,26.93,1,0,0,0,BIS-ĒED-2-2022-4810,B,64,20,0,0,11,95,43,43,40.19,113,119,0,3.5,18.2,460,0.26,0.27,0.67,0.83,20,20,0.36,0.31,Gas,-,Gas,-,-,Electricity from the grid,-,202,-,202,-,-,109,-,1.1,-,1.1,-,-,1.9,-,0,-,0,-,-,0.6,-,1.1,-,1.1,-,-,2.5,-
PME2-54,27.04.2022,Rīgas,Ikšķile,Ziedkalnu iela 4,Ogres novads,2006,170.5,407.86,2.73,149.4,2,0,0,0,D,141.1,120.5,5.41,0,1,0,0,BIS-EED-2-2022-3991,C,84,21,6,0,0,110,36.5,31.1,30.29,82,175,0,0.71,4.72,423,0.34,0.3,1,1.1,20,25,0.47,0.13,Electricity from the grid,"Aerothermal, geothermal, hydrothermal and marine energy, hydropower",Electricity from the grid,"Aerothermal, geothermal, hydrothermal and marine energy, hydropower",Electricity from the grid,-,-,109,0,109,0,109,-,-,1.9,0,1.9,0,1.9,-,-,0.6,1,0.6,1,0.6,-,-,2.5,1,2.5,1,2.5,-,-
PME2-35,27.04.2022,Rīgas,Sigulda,Lāču iela 6,Siguldas novads,1994,295.4,339.36,2.4,141.4,2,1,0,0,F,196.6,163.5,39.38,1,0,0,0,BIS-ĒED-2-2022-5469,C,89,26,0,0,9,123,74.5,73.6,45.57,142,148,0,3.41,24.1,418,0.32,0.31,1.03,1.19,20,24,0.36,0.29,Gas,-,Gas,-,-,Electricity from the grid,-,202,-,202,-,-,109,-,1.1,-,1.1,-,-,1.9,-,0,-,0,-,-,0.6,-,1.1,-,1.1,-,-,2.5,-
PME2-5,27.04.2022,Rīgas,Sigulda,Pulkveža Brieža iela 75b,Siguldas novads,1976,193.8,285,2.4,118.8,2,1,0,0,D,190.8,146.2,38.01,1,0,0,0,BIS-ĒED-2-2022-2811,C,89,32,0,0,15,136,57.2,54.8,39.12,161,170,0,3.09,26.03,422,0.46,0.31,1.7,1.38,20,24,0.36,0.29,Gas,-,Gas,-,-,Electricity from the grid,-,202,-,202,-,-,109,-,1.1,-,1.1,-,-,1.9,-,0,-,0,-,-,0.6,-,1.1,-,1.1,-,-,2.5,-
PME2-57,27.04.2022,Vidzemes,"Mūrmuiža, Kauguru pagasts","m/n ""Parslas-1""",Valmieras novads,1982,136.6,219.5,2.5,87.8,2,1,0,0,F,317.4,286.2,17.79,1,0,0,0,BIS-ĒED-2-2023-933,C,87,21,0,0,15,123,199.2,194.4,69.6,188,209,0,0.49,5.61,289,0.48,0.32,1.68,1.41,20,24,0.36,0.31,Wood/wood waste,-,Electricity from the grid,-,-,Electricity from the grid,-,15.6,-,109,-,-,109,-,1.1,-,1.9,-,-,1.9,-,0,-,0.6,-,-,0.6,-,1.1,-,2.5,-,-,2.5,-
PME2-176,27.04.2022,Rīgas,Rīga,Mazā Loka 7,Rīga,1963,260.7,501.88,2.33,215.4,2,1,1,0,D,108.8,94.9,31.61,1,1,0,0,BIS-ĒED-2-2023-1061,B,65,14,6,0,0,85,29.9,23.8,31.51,104,108,0,5.05,23.43,448,0.46,0.27,0.98,0.73,18.6,25,0.45,0.13,Electricity from the grid,Degvieleļļa (kurināmais mazuts),Electricity from the grid,Degvieleļļa (kurināmais mazuts),Electricity from the grid,-,-,109,279,109,279,109,-,-,1.9,1.1,1.9,1.1,1.9,-,-,0.6,0,0.6,0,0.6,-,-,2.5,1.1,2.5,1.1,2.5,-,-
PME-552,30.06.2021,Vidzemes,Madona,Skolas iela 43B,Madonas novads,1999,140.5,271.4,2.3,118,2,1,1,0,D,151,125.1,7.42,1,0,0,0,BIS-ĒED-2-2022-5988,C,89,22,0,0,12,122,36.1,29,28.86,157,163,0,0.37,3.17,417,0.27,0.3,0.99,1.34,19,20,0.3,0.23,Wood/wood waste,-,Wood/wood waste,-,-,Electricity from the grid,-,15.6,-,15.6,-,-,109,-,1.1,-,1.1,-,-,1.9,-,0,-,0,-,-,0.6,-,1.1,-,1.1,-,-,2.5,-
PME-551,29.06.2021,Zemgales,Jelgava,Lidotāju iela 5,Jelgava,2010,256.6,442,2.4,184.3,2,0,0,0,C,84,69,17,1,0,0,0,BIS-ēED-2-2022-2429,B,53,16,0,0,0,68,16,16,23.19,76,76,0,2.6,14.09,383,0.32,0.31,0.69,0.75,20,21,0.35,0.29,Gas,-,Gas,-,-,-,-,202,-,202,-,-,-,-,1.1,-,1.1,-,-,-,-,0,-,0,-,-,-,-,1.1,-,1.1,-,-,-,-
PME-548,29.06.2021,Vidzemes,Vecpiebalgas pagasts,"""Lejas Bērziņi""",Cēsu novads,1952,158.7,320.5,2.5,128.2,1,1,0,0,D,139.9,118.2,7.13,1,0,0,0,BIS-ĒED-2-2023-48,C,86,18,0,0,4,108,32.2,31.9,27.24,150,152,0,0.32,2.47,453,0.21,0.24,0.8,1.11,20,20,0.36,0.31,Wood/wood waste,-,Wood/wood waste,-,-,Electricity from the grid,-,15.6,-,15.6,-,-,109,-,1.1,-,1.1,-,-,1.9,-,0,-,0,-,-,0.6,-,1.1,-,1.1,-,-,2.5,-
PME-534,28.06.2021,Vidzemes,Alūksne,Ka0iņu iela 19,Alūksnes novads,1938,154.2,283.99,2.21,128.5,2,1,0,0,F,211.69,173.54,,1,0,0,0,BIS-ĒED-2-2022-3805,C,83,0,0,0,0,83,90.54,128.69,52.17,16,99,0,0.43,3.32,362,0.3,0.28,0.86,0.79,20,27,0.4,0.3,Solid biofuel,-,-,-,-,-,-,40,-,-,-,-,-,-,0.2,-,-,-,-,-,-,1,-,-,-,-,-,-,1.2,-,-,-,-,-,-
PME-522,22.06.2021,Rīgas,Katlakalns,Ozolu iela 3,Ķekavas novads,2020,111.2,270.85,2.56,105.8,2,0,1,0,D,138.3,103.2,5.77,1,0,0,0,BIS-ĒED-2-2022-6347,C,81,33,0,0,0,114,22.2,24.3,21.51,32,165,0,0.59,5.59,315,0.22,0.48,0.74,1.74,20,25,0.51,0.43,Electricity from the grid,Solid biofuel,Electricity from the grid,Solid biofuel,-,-,-,109,40,109,40,-,-,-,1.9,0.2,1.9,0.2,-,-,-,0.6,1,0.6,1,-,-,-,2.5,1.2,2.5,1.2,-,-,-
PME-516,21.06.2021,Latgales,Daugavpils,Šaurā iela 19,Daugavpils,1963,68.7,153.75,2.5,67.5,1,1,0,0,F,265.6,225.5,0,1,0,0,0,BIS-ĒED-2-2022-3540,C,120,27,0,0,10,83,105.5,182.6,46.78,139,145,0,1.43,23.27,252,0.24,0.26,1.03,1.43,20,24,0.36,0.31,Gas,-,Gas,-,-,Electricity from the grid,-,1.1,-,1.1,-,-,109,-,1.1,-,1.1,-,-,1.9,-,0,-,0,-,-,0.6,-,1.1,-,1.1,-,-,2.5,-
PME-509,19.06.2021,Vidzemes,"Ieriķi, Drabešu pagasts",Kumadas iela 11,Cēsu novads,1960,105.9,223.2,2.4,93,2,1,0,1,C,117.5,86.1,5.29,1,1,0,0,BIS-EED-2-2022-4922,A,54,25,0,0,10,88,32.1,29.5,37.28,120,126,0,0.24,2.56,275,0.25,0.27,0.77,1.07,20,24,0.4,0.33,Wood/wood waste,-,Wood/wood waste,-,-,Electricity from the grid,-,15.6,-,15.6,-,-,109,-,1.1,-,1.1,-,-,1.9,-,0,-,0,-,-,0.6,-,1.1,-,1.1,-,-,2.5,-
PME-486,16.06.2021,Vidzemes,"Līvi, Drabešu pagasts",Kalna iela 7,Cēsu novads,1980,122.9,294.96,2.4,122.9,2,0,0,0,D,135.8,107,26.48,1,0,0,0,BIS-ĒED-2-2022-4624,C,83,23,0,0,6,113,24,22.8,22.43,128,131,0,2.73,22.21,362,0.32,0.31,1.02,1.21,18,24,0.4,0.33,Gas,-,Gas,-,-,Electricity from the grid,-,202,-,202,-,-,109,-,1.1,-,1.1,-,-,1.9,-,0,-,0,-,-,0.6,-,1.1,-,1.1,-,-,2.5,-
PME-489,17.06.2021,Kurzemes,Laidzes pagasts,"""Ratnieki""",Talsu novads ,1870,134.4,289.2,2.4,120.5,1,1,0,0,E,166,136,10,1,0,0,0,BIS-ĒED-2-2022-4516,C,89,30,0,0,0,119,47,47,34.56,33,203,0,0.82,6.78,390,0.41,0.28,1.35,1.05,20.5,21.3,0.35,0.29,Solid biofuel,-,Solid biofuel,-,-,-,-,40,-,40,-,-,-,-,0.2,-,0.2,-,-,-,-,1,-,1,-,-,-,-,1.2,-,1.2,-,-,-,-
PME-485,16.06.2021,Rīgas,Saulkrasti,Lapu iela 44,Saulkrasti,2000,327.5,514.54,2.6,197.9,3,1,0,0,D,135,115,5.73,1,0,0,0,BIS-ĒED-2-2023-591,C,89,14,0,0,6,109,26,26,22.61,137,140,0,0.48,2.41,638,0.25,0.29,0.85,1.11,20,24,0.4,0.35,Wood/wood waste,-,Wood/wood waste,-,-,Electricity from the grid,-,15.6,-,15.6,-,-,109,-,1.1,-,1.1,-,-,1.9,-,0,-,0,-,-,0.6,-,1.1,-,1.1,-,-,2.5,-
PME-488,17.06.2021,Kurzemes,"Īvande, Īvandes pagasts ","""Krimas""",Kuldīgas novads,1976,111.02,272,2.45,111.02,2,0,0,0,C,105,77,4.8,1,0,0,0,BIS-ĒED-2-2022-5515,A,54,28,0,0,0,82,23,23,29.87,19,115,0,0.43,3.86,254,0.28,0.3,0.66,0.78,20.6,22.3,0.35,0.29,Solid biofuel,-,Solid biofuel,-,-,-,-,40,-,40,-,-,-,-,0.2,-,0.2,-,-,-,-,1,-,1,-,-,-,-,1.2,-,1.2,-,-,-,-
PME-481,16.06.2021,Vidzemes,Valmiera,Ūdens iela 7,Valmiera,1958,132,327.23,2.68,122.1,1,1,0,0,D,114.71,97.28,7.65,0,1,0,1,BIS-ĒED-1-2022-417,C,77,16,3,0,2,97,20.28,17.71,20.85,0,97,0,0,0,464,0.29,0.25,1.09,0.96,20,25,0.38,0.18,Photovoltaic cells,"Aerothermal, geothermal, hydrothermal and marine energy, hydropower",Photovoltaic cells,"Aerothermal, geothermal, hydrothermal and marine energy, hydropower",Photovoltaic cells,Photovoltaic cells,"Aerothermal, geothermal, hydrothermal and marine energy, hydropower",0,0,0,0,0,0,0,0,0,0,0,0,0,0,1,1,1,1,1,1,1,1,1,1,1,1,1,1
PME-480,16.06.2021,Zemgales,Cenu pagasts,Vāveres ,Ozolnieku novads,2016,200.5,349.06,2.48,140.7,1,0,1,0,D,120,102.2,4.97,1,1,0,0,BIS-ĒED-2-2022-6008,B,59,18,2,0,0,79,43.2,41,42.27,20,104,0,0.5,3.53,349,0.26,0.27,0.71,0.76,20,27,0.45,0.14,Solid biofuel,-,Solid biofuel,-,Electricity from the grid,-,-,40,-,40,-,109,-,-,0.2,-,0.2,-,1.9,-,-,1,-,1,-,0.6,-,-,1.2,-,1.2,-,2.5,-,-
PME-465,15.06.2021,Kurzemes,Liepāja,Lauku iela 17A,Liepāja,2010,167.9,399,2.8,148.5,2,1,0,0,C,105,75,5.2,1,0,0,0,BIS-EED-2-2022-3924,B,59,30,0,0,0,89,16,16,21.33,20,125,0,0.6,4.19,366,0.38,0.36,1.04,1.18,20.3,22.3,0.35,0.33,Solid biofuel,-,Solid biofuel,-,-,-,-,40,-,40,-,-,-,-,0.2,-,0.2,-,-,-,-,1,-,1,-,-,-,-,1.2,-,1.2,-,-,-,-
PME-454,15.06.2021,Latgales,Daugavpils,Garā iela 78,Daugavpils,1955,84.1,179,2.5,71.6,1,1,0,0,D,186.8,134.1,7.74,1,0,0,0,BIS-ĒED-2-2022-2143,C,88,36,0,0,15,139,46.1,47.8,34.38,151,166,0,0.15,2.15,310,0.25,0.27,1.15,1.15,19,24,0.4,0.34,Wood/wood waste,-,Wood/wood waste,-,-,"Aerothermal, geothermal, hydrothermal and marine energy, hydropower",-,15.6,-,15.6,-,-,0,-,1.1,-,1.1,-,-,0,-,0,-,0,-,-,1,-,1.1,-,1.1,-,-,1,-
PME-469,15.06.2021,Vidzemes,Cēsis,Puķu iela 14,Cēsu novads,1913,178.2,360.32,2.54,141.86,2,1,0,0,D,158.73,98.67,7.32,0,1,0,0,BIS-ĒED-2-2022-4204,C,76,60,8,0,0,144,22.67,14.73,22.98,145,261,0,1.49,10.49,395,0.38,0.49,1.06,1.37,20,25,1.32,1.14,Solid biofuel,-,Electricity from the grid,-,Electricity from the grid,-,-,40,-,109,-,109,-,-,0.2,-,1.9,-,1.9,-,-,1,-,0.6,-,0.6,-,-,1.2,-,2.5,-,2.5,-,-
PME-441,11.06.2021,Zemgales,"Jaunbērze, Jaunbērzes pagasts",Draudzības iela 17,Dobeles novads,1979,145,418.6,2.8,149.5,1,1,0,0,F,180.39,162.53,7.22,1,1,0,0,BIS-ĒED-2-2022-5826,A,48,26,3,0,0,77,114.53,103.39,70.47,24,118,Jā,0.6,4.01,454,0.22,0.29,0.67,0.88,19,25,0.33,0.07,Solid biofuel,-,Solid biofuel,-,Electricity from the grid,-,-,40,-,40,-,109,-,-,0.2,-,0.2,-,1.9,-,-,1,-,1,-,0.6,-,-,1.2,-,1.2,-,2.5,-,-
PME-460,14.06.2021,Vidzemes,Valmiera,Pilātu iela 12,Valmiera,1984,177.83,258.83,2.5,103.53,2,1,0,0,E,205.2,169.4,39.98,1,0,0,0,BIS-ĒED-2-2022-5359,C,88,27,0,0,8,123,81.4,82.2,48.05,142,146,0,2.5,24.18,341,0.33,0.33,1.12,1.38,18,24,0.36,0.31,Gas,-,Gas,-,-,Electricity from the grid,-,202,-,202,-,-,109,-,1.1,-,1.1,-,-,1.9,-,0,-,0,-,-,0.6,-,1.1,-,1.1,-,-,2.5,-
PME-455,13.06.2021,Kurzemes,Saldus,Robežu iela 13A,Saldus novads,1978,116.6,273.92,2.52,108.7,2,0,0,0,D,117,96,10,1,0,0,0,BIS-ĒED-2-2022-5275,B,65,22,0,0,0,87,31,30,32.29,68,211,0,0.83,7.63,277,0.35,0.28,0.91,0.85,20.3,22.3,0.35,0.3,Solid biofuel,-,Electricity from the grid,-,-,-,-,40,-,109,-,-,-,-,0.2,-,1.9,-,-,-,-,1,-,0.6,-,-,-,-,1.2,-,2.5,-,-,-,-
PME-438,11.06.2021,Latgales,Šķilbēnu pagasts,"""Apses""",Viļakas novads,1929,148.3,250.4,2.45,102.2,1,1,0,0,E,198.7,177.2,9.6,1,0,0,0,BIS-ĒED-2-2021-4339,C,84,22,0,0,0,106,93.3,93.2,52.65,32,154,0,0.54,5.26,,,,,,,,,,,,,,,,,,,,,,,,,,,,,,,,,,,,,,,,,,,,
PME-437,11.06.2021,Vidzemes,Sarkaņu pagasts,"""Gala Buliņi""",Madonas novads,1908,171.1,461.97,2.7,171.1,1,0,0,0,F,217.2,202.5,10.31,1,1,0,0,BIS-ĒED-2-2022-5473,C,89,10,0,0,6,105,113.5,112.2,56.05,137,141,0,0.42,2.45,608,0.28,0.25,1.02,1.13,20,20,0.36,0.33,Wood/wood waste,-,Wood/wood waste,-,-,Electricity from the grid,-,15.6,-,15.6,-,-,109,-,1.1,-,1.1,-,-,1.9,-,0,-,0,-,-,0.6,-,1.1,-,1.1,-,-,2.5,-
PME-429,11.06.2021,Kurzemes,Ventspils,Augusta iela 28,Ventspils,1960,197.5,495.56,2.6,190.6,2,0,0,0,C,80,67,5,1,1,0,0,BIS-ĒED-2-2022-5276,A,44,13,0,0,0,56,23,24,34.33,13,79,0,0.5,2.64,403,0.3,0.29,0.66,0.77,20.5,22.7,0.35,0.31,Solid biofuel,-,Solid biofuel,-,-,-,-,40,-,40,-,-,-,-,0.2,-,0.2,-,-,-,-,1,-,1,-,-,-,-,1.2,-,1.2,-,-,-,-
PME-422,10.06.2021,Rīgas,Tomes pagasts,"""Ciedri""",Ķeguma novads,2017,188,361,3,120.6,1,0,0,0,C,114.9,82.2,0.14,0,1,0,0,BIS-ĒED-2-2022-1385,B,59,24,0,0,11,95,23.2,19.9,28.22,58,140,0,0.41,3.36,472,0.21,0.26,0.87,1.32,20,24,0.4,0.41,Electricity from the grid,"Aerothermal, geothermal, hydrothermal and marine energy, hydropower","Aerothermal, geothermal, hydrothermal and marine energy, hydropower",-,-,Electricity from the grid,-,109,0,0,-,-,109,-,1.9,0,0,-,-,1.9,-,0.6,1,1,-,-,0.6,-,2.5,1,1,-,-,2.5,-
PME-425,10.06.2021,Zemgales,"Iecēni, Cenu pagasts",Ievu iela 4A,Ozolnieku novads,2014,117.7,311,2.65,117.7,2,0,1,0,C,125.6,93.9,0.14,0,1,0,1,BIS-EED-2-2022-2524,B,63,24,0,0,12,99,30.9,26.6,32.91,77,160,0,0.52,4.42,307,0.3,0.27,0.82,0.95,20,24,0.4,0.36,Electricity from the grid,"Aerothermal, geothermal, hydrothermal and marine energy, hydropower",Electricity from the grid,"Aerothermal, geothermal, hydrothermal and marine energy, hydropower",-,Electricity from the grid,-,109,0,109,0,-,109,-,1.9,0,1.9,0,-,1.9,-,0.6,1,0.6,1,-,0.6,-,2.5,1,2.5,1,-,2.5,-
PME-416,10.06.2021,Latgales,"Nagļi, Nagļu pagasts","""Ziedi""",Rēzeknes novads,1990,176.8,281,2.5,112.4,2,1,0,0,E,190.98,170.19,9.07,1,0,0,0,BIS-ĒED-2-2022-1008,C,94,12,0,0,0,106,76.19,84.98,44.77,21,126,0,0.48,4.23,339,0.34,0.27,1.02,0.83,20,27,0.4,0.34,Solid biofuel,-,Solid biofuel,-,-,-,-,40,-,40,-,-,-,-,0.2,-,0.2,-,-,-,-,1,-,1,-,-,-,-,1.2,-,1.2,-,-,-,-
PME-420,10.06.2021,Zemgales,Jelgava,Teodora Grothusa iela 13,Jelgava,2004,304.7,640.64,2.6,246.4,2,0,0,0,C,124.64,87.32,24.45,1,1,0,0,BIS-ĒED-2-2022-4904,B,64,0,0,0,0,64,23.32,60.64,26.71,70,70,0,3.21,13.01,675,0.36,0.3,0.99,0.82,20,27,0.4,0.35,Gas,-,-,-,-,-,-,202,-,-,-,-,-,-,1.1,-,-,-,-,-,-,0,-,-,-,-,-,-,1.1,-,-,-,-,-,-
PME-419,10.06.2021,Rīgas,"Krustiņi, Inčukalna pagasts","""Nāras""",Inčukalna novads,2013,255.3,603,2.8,215.4,2,1,0,1,C,116.4,88.6,6.01,0,1,0,0,BIS-ĒED-2-2022-1566,B,61,12,1,0,18,92,27.6,24.4,31.15,125,128,0,0.73,3.39,697,0.26,0.33,0.86,1.35,20,24,0.5,0.48,Wood/wood waste,-,Wood/wood waste,-,Electricity from the grid,Electricity from the grid,-,15.6,-,15.6,-,109,109,-,1.1,-,1.1,-,1.9,1.9,-,0,-,0,-,0.6,0.6,-,1.1,-,1.1,-,2.5,2.5,-
PME-410,09.06.2021,Rīgas,Ikšķile,Daglīšu iela 9,Ikšķiles novads,2017,134.6,346.63,3.03,114.4,1,0,0,0,C,128.2,87.1,4.87,0,1,0,0,BIS-ĒED-2-2022-4077,A,56,28,0,0,18,102,31.1,26.2,35.71,137,147,0,0.39,3.42,438,0.22,0.28,0.88,1.38,20,24,0.5,0.52,Wood/wood waste,-,Wood/wood waste,-,-,Electricity from the grid,-,15.6,-,15.6,-,-,109,-,1.1,-,1.1,-,-,1.9,-,0,-,0,-,-,0.6,-,1.1,-,1.1,-,-,2.5,-
PME-413,10.06.2021,Latgales,Rēzekne,Bauskas iela 16,Rēzekne,1983,81.79,343.82,2.4,81.79,2,0,1,0,F,311.1,283.7,16.18,1,1,0,0,BIS-ĒED-2-2023-1394,B,61,22,4,0,0,87,222.7,224.1,78.5,45,144,0,0.75,5.2,402,0.22,0.28,0.67,1.05,20,25,0.48,0.11,Electricity from the grid,Solid biofuel,Electricity from the grid,Solid biofuel,Electricity from the grid,-,-,109,40,109,40,109,-,-,1.9,0.2,1.9,0.2,1.9,-,-,0.6,1,0.6,1,0.6,-,-,2.5,1.2,2.5,1.2,2.5,-,-
PME-378,09.06.2021,Kurzemes,Liepāja,Dzērves iela 14A,Liepāja,2007,232.6,419.25,2.5,167.7,2,1,0,1,D,148.6,122.2,29.27,1,1,0,0,BIS-ĒED-2-2022-5471,C,86,17,0,0,10,113,36.2,35.6,29.62,132,138,0,3.67,21.89,485,0.38,0.3,1.12,1.1,20,24,0.4,0.34,Gas,-,Gas,-,-,Electricity from the grid,-,202,-,202,-,-,109,-,1.1,-,1.1,-,-,1.9,-,0,-,0,-,-,0.6,-,1.1,-,1.1,-,-,2.5,-
PME-390,09.06.2021,Rīgas,Kadaga,"""Vinduļi""",Ādažu novads,2013,253.2,577.4,2.8,206.2,1,0,0,0,D,126.6,110.7,0.08,1,1,0,0,BIS-ĒED-2-2022-25,C,77,9,0,0,10,95,33.9,31.3,30.62,1,37,0,0.02,0.81,,,,,,,,,,,,,,,,,,,,,,,,,,,,,,,,,,,,,,,,,,,,
PME-389,08.06.2021,Kurzemes,"Sieksāte, Rudbāržu pagasts",Kalna iela 12,Skrundas novads,1991,127.4,198.72,2.7,73.6,1,1,0,0,E,187,154,14,1,0,0,0,BIS-ĒED-2-2022-6301,B,75,33,0,0,0,107,79,80,51.3,36,158,0,0.4,5.47,257,0.33,0.3,1.18,1.26,20.5,21.3,0.35,0.32,Solid biofuel,-,Electricity from the grid,Solid biofuel,-,-,-,40,-,109,40,-,-,-,0.2,-,1.9,0.2,-,-,-,1,-,0.6,1,-,-,-,1.2,-,2.5,1.2,-,-,-
PME-352,04.06.2021,Vidzemes,Smiltene,Raiņa iela 2,Smiltenes novads,2007,221.3,492,2.6,189.5,2,1,0,1,D,130.7,108.9,5.69,1,1,0,0,BIS-ĒED-2-2022-1966,C,84,15,0,0,8,107,24.9,23.7,22.87,135,140,0,0.48,2.55,503,0.25,0.29,0.69,0.95,20,20,0.45,0.4,Wood/wood waste,-,Wood/wood waste,-,-,Electricity from the grid,-,15.6,-,15.6,-,-,109,-,1.1,-,1.1,-,-,1.9,-,0,-,0,-,-,0.6,-,1.1,-,1.1,-,-,2.5,-
PME-376,07.06.2021,Latgales,Ilūkste,Jēkabpils iela 25,Ilūkstes novads,1988,106.3,234.92,2.21,106.3,1,1,1,0,E,208.33,172.07,9.26,1,0,0,0,BIS-ĒED-2-2023-117,C,87,36,0,0,20,144,85.07,64.33,49.44,40,181,0,0.66,6.23,326,0.3,0.3,1,1.2,19,0,0.5,0.4,Solid biofuel,-,Solid biofuel,-,-,Electricity from the grid,-,40,-,40,-,-,109,-,0.2,-,0.2,-,-,1.9,-,1,-,1,-,-,0.6,-,1.2,-,1.2,-,-,2.5,-
PME-373,07.06.2021,Latgales,"Kurna, Kubulu pagasts","""Līčupe""",Balvu novads,1930,157.7,363,2.5,145.2,2,0,1,0,D,151.74,134.04,6.07,1,1,0,0,BIS-ĒED-2-2022-3679,C,90,18,0,0,0,107,44.04,44.74,32.86,147,147,0,0.3,2.09,514,0.33,0.33,1.16,1.16,19,25,0.3,0.3,Wood/wood waste,-,Wood/wood waste,-,-,-,-,15.6,-,15.6,-,-,-,-,1.1,-,1.1,-,-,-,-,0,-,0,-,-,-,-,1.1,-,1.1,-,-,-,-
PME-349,04.06.2021,Zemgales,Jelgava,Lidotāju iela 5a,Jelgava,2010,278.2,732.56,2.93,250.2,2,0,0,0,D,122.98,107.05,4.92,1,1,0,0,BIS-ĒED-2-2021-3810,C,70,16,2,0,0,88,37.24,34.8,34.79,108.38,109.84,0,4.4,17.59,659,0.32,0.33,0.83,0.87,20,25,0.46,,Gas,-,Gas,-,Electricity from the grid,Electricity from the grid,-,202,-,202,-,109,109,-,1.1,-,1.1,-,1.9,1.9,-,0,-,0,-,1.6,1.6,-,1.1,-,1.1,-,2.5,2.5,-
PME-287,04.06.2021,Kurzemes,Valdemārpils,Parka iela 8,Talsu novads,1979,75.4,207.35,2.75,75.4,1,0,0,0,C,121,91,11,1,1,1,0,BIS-EED-2-2022-3084,A,60,32,0,0,0,92,31,29,34.07,21,129,0,0.32,4.31,262,0.3,0.29,1.09,1.25,20.3,22.3,0.35,0.33,Solid biofuel,-,Solid biofuel,-,-,-,-,40,-,40,-,-,-,-,0.2,-,0.2,-,-,-,-,1,-,1,-,-,-,-,1.2,-,1.2,-,-,-,-
PME-345,04.06.2021,Rīgas,Sigulda,Strauta iela 7,Siguldas novads,2011,352.1,635,2.7,235.3,2,1,0,0,D,111.1,91.9,3.45,1,1,0,0,BIS-ĒED-2-2022-2242,C,70,10,0,0,11,91,21.9,20.1,23.83,58,97,0,0.78,3.33,633,0.31,0.3,0.85,0.99,20,24,0.4,0.37,Electricity from the grid,"Aerothermal, geothermal, hydrothermal and marine energy, hydropower",Electricity from the grid,"Aerothermal, geothermal, hydrothermal and marine energy, hydropower",-,Electricity from the grid,-,109,0,109,0,-,109,-,1.9,0,1.9,0,-,1.9,-,0.6,1,0.6,1,-,0.6,-,2.5,1,2.5,1,-,2.5,-
PME-343,03.06.2021,Vidzemes,"Jaunanna, Jaunannas pagasts","""Purenes""",Alūksnes novads,1976,116.5,276,2.5,110.4,1,0,0,0,F,349.16,319.11,14,1,0,0,0,BIS-ĒED-2-2022-3868,C,93,30,0,0,0,123,226.11,226.16,70.86,169,169,0,0.27,2.4,475,0.27,0.27,1.16,1.16,19,25,0.32,0.3,Wood/wood waste,-,Wood/wood waste,-,-,-,-,15.6,-,15.6,-,-,-,-,1.1,-,1.1,-,-,-,-,0,-,0,-,-,-,-,1.1,-,1.1,-,-,-,-
PME-329,03.06.2021,Rīgas,Rīga,Dāliju iela 2A,Rīga,1980,169.8,334.7,2.65,103.1,2,1,1,0,F,227.2,205.7,10.98,1,0,0,0,bis-eed-2-2023-592,C,89,22,0,0,7,117,116.7,110.2,56.73,148,152,0,0.34,2.67,353,0.28,0.34,0.83,1.22,20,24,0.45,0.41,Wood/wood waste,-,Wood/wood waste,-,-,Electricity from the grid,-,15.6,-,15.6,-,-,109,-,1.1,-,1.1,-,-,1.9,-,0,-,0,-,-,0.6,-,1.1,-,1.1,-,-,2.5,-
PME-328,03.06.2021,Kurzemes,Liepāja,Riņķu iela 9,Liepāja,1966,76.1,401,3,79.1,2,0,1,0,F,284.7,258.8,11.39,1,1,0,1,BIS-ĒED-2-2022-2574,A,46,15,2,0,0,64,212.8,220.7,82.23,4,41,1,0.03,0.24,400,0.2,0.3,0.7,1.2,18,25,0.4,0.35,"Aerothermal, geothermal, hydrothermal and marine energy, hydropower",-,"Aerothermal, geothermal, hydrothermal and marine energy, hydropower",-,Electricity from the grid,-,-,0,-,0,-,109,-,-,0,-,0,-,1.9,-,-,1,-,1,-,0.6,-,-,1,-,1,-,2.5,-,-
PME-326,03.06.2021,Kurzemes,Saldus ,Raiņa iela 12B,Saldus novads,1960,137.8,252,2.39,105.7,2,1,0,0,C,114,91,6,1,0,1,0,BIS-ĒED-2-2022-925,A,38,28,0,0,0,67,53,47,58.24,16,82,0,0.3,2.79,289,0.27,0.26,0.8,0.8,20,25,0.35,0.28,Solid biofuel,-,Electricity from the grid,Solid biofuel,-,-,-,40,-,109,40,-,-,-,0.2,-,1.9,0.2,-,-,-,1,-,0.6,1,-,-,-,1.2,-,2.5,1.2,-,-,-
PME-321,03.06.2021,Kurzemes,"Tārgales pagasts , Dokupe","""Alksnes""",Ventspils novads,1938,114.2,273.56,2.8,97.7,1,0,0,0,E,190,167,14,1,0,0,0,BIS-ĒED-2-2022-3265,B,68,25,0,0,0,92,99,98,59.28,67,186,0,0.67,6.83,315,0.35,0.28,1.16,1.06,20.3,22.3,0.35,0.33,Solid biofuel,-,Electricity from the grid,-,-,-,-,40,-,109,-,-,-,-,0.2,-,1.9,-,-,-,-,1,-,0.6,-,-,-,-,1.2,-,2.5,-,-,-,-
PME-313,02.06.2021,Kurzemes,Liepāja,Ganību iela 181A,Liepāja,1963,68.7,178.6,2.6,68.7,1,0,0,0,D,142,107,11,1,1,1,0,BIS-ĒED-2-2021-3456,A,39,35,0,4,0,78,68,64,63.55,25,121,1,0.3,4.1,245,0.3,0.27,1.1,1.3,20,25,0.35,0.3,Wood/wood waste,-,Wood/wood waste,-,-,-,-,40,-,40,-,-,-,-,0.2,-,0.2,-,-,-,-,1,-,1,-,-,-,-,1.2,-,1.2,-,-,-,-
PME-293,02.06.2021,Zemgales,"Vītoliņi, Valgundes pagasts",Bērzu iela 25,Jelgavas novads,1999,235.5,419,2.5,167.6,2,1,1,0,D,144.4,103,5.52,1,0,0,0,BIS-ĒED-2-2022-2538,B,58,22,0,0,20,100,45,44.4,43.69,23,121,0,0.55,3.31,457,0,0.4,0.9,1.1,19,26,0.4,0.3,Solid biofuel,-,Photovoltaic cells,Solid biofuel,-,"Aerothermal, geothermal, hydrothermal and marine energy, hydropower",Electricity from the grid,40,-,0,40,-,0,109,0.2,-,0,0.2,-,0,1.9,1,-,1,1,-,1,0.6,1.2,-,1,1.2,-,1,2.5
PME-305,02.06.2021,Zemgales,Bauska,"Saulgrieži, Pūriņu iela 16",Bauskas novads,1985,163.32,293.92,2.7,106.61,1,1,0,0,E,180.56,159.09,36.47,1,1,0,0,BIS-ĒED-2-2022-151,C,95,21,0,0,0,116,64.03,64.48,40.25,178.76,178.76,0,2.55,23.45,356,0.36,0.32,1.16,1.03,20,25,0.29,,Gas,-,Gas,-,Electricity from the grid,Electricity from the grid,-,202,-,202,-,109,109,-,1.1,-,1.1,-,1.9,1.9,-,0,-,0,-,1.6,1.6,-,1.1,-,1.1,-,2.5,2.5,-
PME-271,31.05.2021,Kurzemes,Lubes pagasts,Līčupes,Talsu novads,1935,145.9,334.62,2.6,128.7,2,0,0,1,F,203,179.7,9.76,1,0,0,0,BIS-ĒED-2-2023-314,C,70,19,0,0,6,96,109.7,107,61.05,134,138,0,0.31,2.43,395,0.25,0.27,0.82,1.04,20,24,0.36,0.32,Wood/wood waste,-,Wood/wood waste,-,-,Electricity from the grid,-,15.6,-,15.6,-,-,109,-,1.1,-,1.1,-,-,1.9,-,0,-,0,-,-,0.6,-,1.1,-,1.1,-,-,2.5,-
PME-269,31.05.2021,Rīgas,Sēmes pagasts,"""Talejas""",Tukuma novads,2021,197,473.32,2.5,189.1,2,0,1,0,C,99,82.3,5.55,0,1,0,1,BIS-ĒED-2-2021-4024,A,49,18,4,0,0,72,33.3,27.5,40.46,15,101,1,0.56,2.98,510,0.21,0.29,0.59,0.91,20,27,0.44,0.11,Solid biofuel,Saules enerģija,Solid biofuel,Saules enerģija,Saules enerģija,Saules enerģija,-,40,0,40,0,0,0,-,0.2,0,0.2,0,0,0,-,1,1,1,1,1,1,-,1.2,1,1.2,1,1,1,-
PME-276,31.05.2021,Vidzemes,Vaives pagasts,Jasmīni,Cēsu novads,1920,148.7,348.72,2.4,145.3,2,0,0,1,D,144.8,122.9,6.9,1,0,0,0,BIS-ĒED-2-2022-4460,C,78,20,0,0,2,100,44.9,44.8,36.53,123,124,0,0.28,1.9,488,0.19,0.25,0.67,1.06,20,24,0.4,0.33,Wood/wood waste,-,Wood/wood waste,-,-,Electricity from the grid,-,15.6,-,15.6,-,-,109,-,1.1,-,1.1,-,-,1.9,-,0,-,0,-,-,0.6,-,1.1,-,1.1,-,-,2.5,-
PME-289,01.06.2021,Rīgas,"Zvejniekciems, Saulkrastu pagasts",Celtnieku iela 5,Saulkrastu novads,1991,70.4,228.8,2.6,70.4,1,0,0,0,F,420.35,387.1,16.81,1,1,0,0,BIS-ĒED-2-2022-3827,B,68,37,2,0,0,107,319.1,313.35,82.43,4,64,0,0.02,0.25,315,0.3,0.3,1.07,1.07,19,25,0.41,0.1,"Aerothermal, geothermal, hydrothermal and marine energy, hydropower",-,"Aerothermal, geothermal, hydrothermal and marine energy, hydropower",-,Electricity from the grid,-,-,0,-,0,-,109,-,-,0,-,0,-,1.9,-,-,1,-,1,-,0.6,-,-,1,-,1,-,2.5,-,-
PME-278,01.06.2021,Kurzemes,Lībagu pagasts,"""Potas""",Talsu novads,1939,146.2,658.53,2.71,132.5,2,1,0,0,D,120,102,10,1,1,1,0,BIS-ĒED-2-2022-3244,A,49,10,0,0,0,59,53,61,51.96,13,83,0,0.68,2.79,392,0.36,0.31,0.6,0.6,20.3,22.3,0.35,0.32,Solid biofuel,-,Solid biofuel,-,-,-,-,40,-,40,-,-,-,-,0.2,-,0.2,-,-,-,-,1,-,1,-,-,-,-,1.2,-,1.2,-,-,-,-
PME-275,31.05.2021,Rīgas,Ķegums,Upes iela 10,Ķeguma novads,2005,365.9,191.8,2.4,191.8,2,1,0,0,F,374.95,349.32,16.63,1,1,0,0,BIS-ĒED-2-2022-3212,C,84,24,5,0,1,114,265.32,260.95,75.95,75,192,0,1.37,7.15,441,0.35,0.48,0.8,1.11,22,27,0.45,0.13,Electricity from the grid,Solid biofuel,Solid biofuel,-,Electricity from the grid,"Aerothermal, geothermal, hydrothermal and marine energy, hydropower",Electricity from the grid,109,40,109,-,109,0,109,1.9,0.2,1.9,-,1.9,0,1.9,0.6,1,0.6,-,0.6,1,0.6,2.5,1.2,2.5,-,2.5,1,2.5
PME-282,01.06.2021,Rīgas,Rīga,Dārziņu 11. līnija 14,Rīga,2000,373.7,930.5,2.6,357.9,3,0,1,0,D,112.2,86.6,0.14,0,1,0,0,BIS-ĒED-2-2021-4211,C,62,9,0,0,21,92,24.6,20.1,28.41,2,39,0,0.05,0.14,,,,,,,,,,,,,,,,,,,,,,,,,,,,,,,,,,,,,,,,,,,,
PME-249,01.06.2021,Zemgales,Glūdas pagasts,"""Pastari"", Nākotne",Jelgavas novads,1995,482.6,1213.48,2.63,416.4,2,1,1,0,D,116.45,108.95,23.52,1,1,0,1,BIS-ĒED-2-2022-5929,C,63,8,0,0,0,70,45.95,46.45,42.18,85,85,0,7.28,15.78,1029,0.46,0.46,1.02,1.02,19,25,0.2,0.15,Gas,-,Gas,-,-,-,-,202,-,202,-,-,-,-,1.1,-,1.1,-,-,-,-,0,-,0,-,-,-,-,1.1,-,1.1,-,-,-,-
PME-236,28.05.2021,Rīgas,Ikšķile,Mūrkroga iela 18,Ikšķiles novads,2020,194.8,418.3,2.8,149.4,1,0,0,0,C,104.2,82.7,21.07,0,1,0,0,BIS-ĒED-2-2021-3024,B,51,22,0,0,0,73,31.8,31.7,38.45,83,85,0,2.16,14.45,,,,,,,,,,,,,,,,,,,,,,,,,,,,,,,,,,,,,,,,,,,,
PME-272,31.05.2021,Rīgas,"Lēdurga, Lēdurgas pagasts",Krasta iela 5,Krimuldas novads,1985,153.9,232.4,2.35,98.9,2,1,0,1,D,146.5,113,66.84,1,0,0,0,BIS-ĒED-2-2021-3822,C,84,27,0,0,7,118,29.1,28.7,25.75,33,162,0,0.53,5.4,,,,,,,,,,,,,,,,,,,,,,,,,,,,,,,,,,,,,,,,,,,,
PME-241,29.05.2021,Vidzemes,Beļavas pagasts,Augstkalni,Gulbenes novads,1922,92.6,231.5,2.5,92.6,1,0,0,0,F,231,189.1,9.85,1,0,0,0,BIS-ĒED-2-2021-4051,C,84,30,0,0,8,122,104.7,109,55.37,28,160,0,0.49,5.25,,,,,,,,,,,,,,,,,,,,,,,,,,,,,,,,,,,,,,,,,,,,
PME-267,31.05.2021,Kurzemes,Liepāja,Siļķu iela 41,Liepāja,1959,85.5,222.3,2.6,85.5,1,0,0,0,D,142,129,12,1,1,1,0,BIS-ĒED-2-2022-3078,C,81,13,0,0,0,94,48,48,37.21,22,132,0,0.38,4.4,269,0.43,0.3,1.4,1.16,20.4,22.4,0.35,0.31,Solid biofuel,-,Solid biofuel,-,-,-,-,40,-,40,-,-,-,-,0.2,-,0.2,-,-,-,-,1,-,1,-,-,-,-,1.2,-,1.2,-,-,-,-
PME-265,31.05.2021,Rīgas,"Ķekava, Ķekavas pagasts",Gajas,Ķekavas novads,2007,195.8,573,3,191.3,2,0,1,0,B,103.01,62.02,5.05,0,1,0,0,BIS-ĒED-2-2022-1019,A,41,26,3,0,8,77,21.02,26.01,33.89,146,192,0,1.61,8.4,443,0.29,0.34,0.68,0.8,20,27,0.5,0.51,Electricity from the grid,-,Electricity from the grid,-,Electricity from the grid,Electricity from the grid,-,109,-,109,-,109,109,-,1.9,-,1.9,-,1.9,1.9,-,0.6,-,0.6,-,0.6,0.6,-,2.5,-,2.5,-,2.5,2.5,-
PME-261,31.05.2021,Vidzemes,Valmiera,Jaunzemju iela 4,Valmiera,1961,177.1,344.8,2.3,149.9,2,1,0,1,D,118.1,107.1,5.87,1,1,0,0,BIS-ĒED-2-2021-3435,C,73,11,0,0,6,90,34.2,27.8,31.93,31,133,0,0.67,4.48,,,,,,,,,,,,,,,,,,,,,,,,,,,,,,,,,,,,,,,,,,,,
PME-245,30.05.2021,Vidzemes,Lizuma pagasts,"""Grimnauži""",Gulbenes novads,1936,205.9,494.16,2.4,205.9,2,0,0,1,E,173.9,148.8,7,1,0,0,0,BIS-ĒED-2-2022-5265,C,87,12,0,0,8,107,61.8,66.9,41.53,136,141,0,0.54,2.6,486,0.31,0.37,0.76,1.07,20,20,0.4,0.33,Wood/wood waste,-,Wood/wood waste,-,-,Electricity from the grid,-,15.6,-,15.6,-,-,109,-,1.1,-,1.1,-,-,1.9,-,0,-,0,-,-,0.6,-,1.1,-,1.1,-,-,2.5,-
PME-240,31.05.2021,Rīgas,Villasmuiža,Apsītes,Ropažu novads,1966,113.34,263.95,2.4,109.98,1,0,0,0,E,204.7,167.4,8.48,1,0,0,0,BIS-ĒED-2-2022-4702,C,76,23,0,0,10,109,91.4,95.7,54.6,139,145,0,0.31,2.78,387,0.23,0.27,0.88,1.24,20,24,0.4,0.33,Wood/wood waste,-,Wood/wood waste,-,-,Electricity from the grid,-,15.6,-,15.6,-,-,109,-,1.1,-,1.1,-,-,1.9,-,0,-,0,-,-,0.6,-,1.1,-,1.1,-,-,2.5,-
PME-251,31.05.2021,Rīgas,Sigulda,Rotas iela 13,Siguldas novads,1969,131.2,300.9,2.45,122.8,2,0,0,1,C,121.3,82.4,20.96,0,1,0,0,BIS-ĒED-2-2022-43,B,58,26,0,0,17,101,24.6,20.6,29.85,94,112,0,2.08,16.9,,,,,,,,,,,,,,,,,,,,,,,,,,,,,,,,,,,,,,,,,,,,
PME-237,29.05.2021,Kurzemes,Saldus,Ābeļu iela 4,Saldus novads,2019,131.7,342.4,2.6,131.7,1,0,0,0,C,106,88,6,1,0,0,0,BIS-ĒED-2-2021-3619,B,62,18,0,2,0,82,26,24,29.55,30,14,0,0.6,4.4,408,0.31,0.23,0.97,1,20,24,0.35,0.31,Wood/wood waste,-,Saules siltums,Electricity from the grid,-,-,-,40,-,0,109,-,-,-,0.2,-,0,1.9,-,-,-,1,-,1,0.6,-,-,-,1.2,-,1,2.5,-,-,-
PME-218,28.05.2021,Rīgas,Saulkrasti,Saules iela 3A,Saulkrastu novads,1999,314.7,724,2.53,286.4,3,1,1,0,F,194.8,153,9.04,1,1,0,0,BIS_ĒED-2-2022-2385,C,70,22,4,0,20,115,83,79.8,54.25,72,146,0,4.39,15.32,755,0.39,0.39,1.03,1.03,18,26,0.4,0.21,Solid biofuel,Coal (anthracite),"Aerothermal, geothermal, hydrothermal and marine energy, hydropower",Electricity from the grid,Electricity from the grid,"Aerothermal, geothermal, hydrothermal and marine energy, hydropower",Electricity from the grid,40,354,0,109,109,0,109,0.2,1.1,0,1.9,1.9,0,1.9,1,0,1,0.6,0.6,1,0.6,1.2,1.1,1,2.5,2.5,1,2.5
PME-214,28.05.2021,Zemgales,"Ozolnieki, Ozolnieku pagasts",Rožu iela 3,Ozolnieku novads,1997,206.9,424.3,2.5,169.7,2,0,0,0,D,140.7,101.2,6.78,1,1,0,0,BIS-ĒED-2-2021-3718,C,73,25,0,0,15,113,28,27.5,27.67,23,140,0,0.75,4.43,,,,,,,,,,,,,,,,,,,,,,,,,,,,,,,,,,,,,,,,,,,,
PME-158,28.05.2021,Zemgales,Jaunsv1laukas pagasts,"""Jaunrasas""",Jelgavas novads,2014,179.6,457.98,2.55,179.6,2,0,1,0,D,128.5,95.5,5.72,1,0,0,0,BIS-ĒED-2-2022-3771,C,75,26,0,0,8,108,20.5,20.5,21.47,137,141,0,0.46,2.57,476,0.28,0.31,0.78,1.07,20,24,0.36,0.31,Wood/wood waste,-,Wood/wood waste,-,-,Electricity from the grid,-,15.6,-,15.6,-,-,109,-,1.1,-,1.1,-,-,1.9,-,0,-,0,-,-,0.6,-,1.1,-,1.1,-,-,2.5,-
PME-209,28.05.2021,Zemgales,Īslīces pagasts,Zīlītes,Bauskas novads,1925,154.2,416,2.7,154.2,1,0,0,0,E,192.06,171.07,7.68,1,1,0,0,BIS-ĒED-2-2022-1573,C,90,27,0,0,0,117,81.07,75.06,47.39,143,128,0,4.05,26.29,453,0.36,0.27,1.05,0.8,19,25,0.35,0.3,Gas,-,Gas,-,-,-,-,202,-,202,-,-,-,-,1.1,-,1.1,-,-,-,-,0,-,0,-,-,-,-,1.1,-,1.1,-,-,-,-
PME-207,28.05.2021,Rīgas,Ikšķile,Ezera  iela 68,Ikšķiles novads,2008,250.1,445.28,2.52,176.7,2,1,0,0,C,91,78,0,1,1,0,0,BIS-ĒED-2-2021-4082,B,53,13,0,2,0,68,25,23,32.05,3,70,0,0.03,0.2,367,0.34,0.32,0.71,0.75,20,24,0.35,0.3,Ģeotermālā enerģija,-,Ģeotermālā enerģija,-,-,-,-,0,-,0,-,-,-,-,0,-,0,-,-,-,-,1,-,1,-,-,-,-,1,-,1,-,-,-,-
PME-189,27.05.2021,Rīgas,Griķi,"""Dimanti""",Inčukalna novads,1975,164.28,306.75,2.78,110.34,2,1,0,0,E,180.29,162.05,7.21,1,0,0,0,BIS-ĒED-2-2022-3940,C,87,18,0,0,0,105,75.05,75.29,46.31,21,126,0,0.46,4.21,340,0.31,0.31,0.97,0.95,20,27,0.5,0.47,Solid biofuel,-,Solid biofuel,-,-,-,-,40,-,40,-,-,-,-,0.2,-,0.2,-,-,-,-,1,-,1,-,-,-,-,1.2,-,1.2,-,-,-,-
PME-123,27.05.2021,Rīgas,Sigulda,Ķ1šu iela 5,Sigulda,1999,159.8,309.2,2.7,114.5,2,0,0,1,C,119.1,83.5,22.48,0,1,0,0,BIS-ĒED-2-2021-3878,A,55,30,0,0,8,94,28.4,25.6,34.01,93,102,0,1.92,16.74,,,,,,,,,,,,,,,,,,,,,,,,,,,,,,,,,,,,,,,,,,,,
PME-24,27.05.2021,Vidzemes,Jaungulbene,Bērzu iela 11,Gulbenes novads,1983,120,288,2.4,120,2,0,0,1,E,194.3,165,9.66,1,1,0,0,BIS-ĒED-2-2022-3445,C,90,20,0,0,9,118,75,76.3,45.45,158,163,0,0.35,2.95,277,0.37,0.28,0.93,0.96,20,20,0.4,0.33,Wood/wood waste,-,Wood/wood waste,-,-,Electricity from the grid,-,15.6,-,15.6,-,-,109,-,1.1,-,1.1,-,-,1.9,-,0,-,0,-,-,0.6,-,1.1,-,1.1,-,-,2.5,-
PME-25,27.05.2021,Zemgales,"Viesturciems, Glūdas pagasts",Viesturi 47,Jelgavas novads,1993,69.4,218.64,2.37,61.6,2,0,1,0,F,295.2,266.5,16.46,1,1,0,0, BIS-ĒED-2-2021-3853,B,74,26,4,0,0,108,193,187.4,72.42,56,165,0,0.55,5.98,284,0.27,0.28,0.91,1.16,20,27,0.45,0.11,Solid biofuel,Electricity from the grid,Solid biofuel,Electricity from the grid,Electricity from the grid,Electricity from the grid,-,40,109,40,109,109,109,-,0.2,1.9,0.2,1.9,1.9,1.9,-,1,0.6,1,0.6,0.6,0.6,-,1.2,2.5,1.2,2.5,2.5,2.5,-
PME-200,27.05.2021,Kurzemes,Blīdenes pagasts,Jaunbērzi,Brocēnu novads,1979,142.1,238.25,2.54,93.8,1,1,0,0,D,179,148,8.2,1,0,0,0,BIS-ĒED-2-2022-5637,B,62,31,0,0,0,93,86,86,58.11,34,139,0,0.45,4.83,306,0.27,0.29,0.92,1.11,19.7,22.9,0.34,0.29,Solid biofuel,-,Electricity from the grid,Solid biofuel,-,-,-,40,-,109,40,-,-,-,0.2,-,1.9,0.2,-,-,-,1,-,0.6,1,-,-,-,1.2,-,2.5,1.2,-,-,-
PME-195,27.05.2021,Vidzemes,Praulienas pagasts,Skaistkalni 11,Madonas novads,2007,174,396,2.72,145.6,2,0,1,0,D,135.29,114.11,5.41,1,0,0,0,BIS-ĒED-2-2022-2427,C,86,27,0,0,0,113,28.11,22.29,24.63,155,155,0,0.32,2.21,427,0.32,0.32,0.92,0.92,19,25,0.44,0.3,Wood/wood waste,-,Wood/wood waste,-,-,-,-,15.6,-,15.6,-,-,-,-,1.1,-,1.1,-,-,-,-,0,-,0,-,-,-,-,1.1,-,1.1,-,-,-,-
PME-196,27.05.2021,Kurzemes,Saldus ,Pļavas iela 1,Saldus novads,1995,167.4,279,2.6,107.5,2,1,0,0,F,215.8,185.8,45.89,1,0,0,0,BIS-ĒED-2-2022-2548,C,88,30,0,0,20,138,97.8,77.8,52.64,174,186,0,2.93,27.26,343,0.23,0.28,0.99,1.24,18,0,0.45,0.39,Gas,-,Gas,-,-,Electricity from the grid,-,202,-,202,-,-,109,-,1.1,-,1.1,-,-,1.9,-,0,-,0,-,-,0.6,-,1.1,-,1.1,-,-,2.5,-
PME-191,27.05.2021,Vidzemes,Aronas pagasts,Ūbeles,Madonas novads,1933,139.8,306.74,2.45,133.6,1,1,0,0,F,179.5,157.5,40.59,1,1,0,0,BIS-ĒED-2-2022-5417,C,85,25,3,0,0,114,72.5,65.5,46.03,143,147,0,3.11,24.84,452,0.24,0.25,0.94,1.14,20,27,0.48,0.11,Electricity from the grid,Gas,Electricity from the grid,Gas,Electricity from the grid,-,-,109,202,109,202,109,-,-,1.9,1.1,1.9,1.1,1.9,-,-,0.6,0,0.6,0,0.6,-,-,2.5,1.1,2.5,1.1,2.5,-,-
PME-112,27.05.2021,Vidzemes,Ape,Pasta iela 23,Apes novads,1999,78,296.75,2.5,69.6,1,0,0,0,F,410.44,394.89,16.42,1,1,0,1,BIS-ĒED-2-2022-3626,A,59,28,3,0,0,89,335.89,321.44,85.06,4,54,1,0.03,0.28,351,0.2,0.3,0.7,0.8,20,25,0.4,0.07,"Aerothermal, geothermal, hydrothermal and marine energy, hydropower",-,"Aerothermal, geothermal, hydrothermal and marine energy, hydropower",-,Electricity from the grid,-,-,0,-,0,-,109,-,-,0,-,0,-,1.9,-,-,1,-,1,-,0.6,-,-,1,-,1,-,2.5,-,-
PME-175,27.05.2021,Kurzemes,"Ugāle, Ugāles pagasts",Iči,Ventspils novads,1990,123.1,287.25,2.5,114.9,2,0,0,0,D,162,141,8,1,0,0,0,BIS-ĒED-2-2022-5153,B,68,19,0,0,0,87,73,75,51.77,21,123,0,0.48,4.15,282,0.34,0.3,0.86,0.88,20.5,22.7,0.35,0.3,Solid biofuel,-,Electricity from the grid,Solid biofuel,-,-,-,40,-,109,40,-,-,-,0.2,-,1.9,0.2,-,-,-,1,-,0.6,1,-,-,-,1.2,-,2.5,1.2,-,-,-
PME-149,27.05.2021,Kurzemes,Liepāja ,Vaiņodes iela 22A,Liepāja,1960,65.3,263.17,2.56,65.3,2,0,0,0,D,181,147,13,1,0,0,0,BIS-ĒED-2-2022-3136,B,75,23,0,0,0,98,72,83,48.98,67,196,0,0.74,7.15,271,0.41,0.3,1.12,0.97,20.5,21.3,0.35,0.3,Solid biofuel,-,Electricity from the grid,-,-,-,-,40,-,109,-,-,-,-,0.2,-,1.9,-,-,-,-,1,-,0.6,-,-,-,-,1.2,-,2.5,-,-,-,-
PME-181,27.05.2021,Zemgales,Jēkabpils,Ošu iela 1,Jēkabpils,2002,280.63,589,2.76,213.5,2,1,0,0,D,136.82,122.46,5.47,1,1,0,1,BIS-ĒED-2-2022-2103,C,90,14,0,0,0,104,32.46,32.82,26.51,143,143,0,0.43,2.03,430,0.57,0.57,1.14,1.14,19,25,0.38,0.3,Wood/wood waste,-,Wood/wood waste,-,-,-,-,15.6,-,15.6,-,-,-,-,1.1,-,1.1,-,-,-,-,0,-,0,-,-,-,-,1.1,-,1.1,-,-,-,-
PME-180,27.05.2021,Rīgas,Pūres pagasts,Zemgaļi,Tukuma novads,1928,91.7,242.6,2.75,88.2,1,0,0,0,D,170,142,11,1,1,1,0,BIS-ĒED-2-2021-3620,C,87,28,0,3,0,118,55,52,38.73,1,13,0,0.08,1,303,0.4,0.21,1.38,1.18,20,24,0.35,0.33,Vides enerģija,-,Vides enerģija,Electricity from the grid,-,-,-,0,-,0,109,-,-,-,0,-,0,1.9,-,-,-,1,-,1,0.6,-,-,-,1,-,1,2.5,-,-,-
PME-71,27.05.2021,Rīgas,Tīnūžu pagasts,Pamales,Ikšķiles novads,2016,166.1,336.8,2.5,134.7,2,0,0,1,C,111.8,76.2,4.59,0,1,0,1,BIS-ĒED-2-2021-3412,B,54,22,0,0,17,92,22.4,19.5,29.3,23,114,0,0.49,3.62,,,,,,,,,,,,,,,,,,,,,,,,,,,,,,,,,,,,,,,,,,,,
PME-118,27.05.2021,Rīgas,Ķegums,Kuģu iela 19,Ķeguma novads,1960,109.94,331.78,2.42,115.04,2,0,1,0,F,313.44,286.08,12.54,1,1,0,0,BIS-ĒED-2-2022-6069,B,65,25,0,0,0,90,221.08,223.44,77.28,22,134,0,0.62,4.49,448,0.22,0.27,0.73,0.9,19,25,0.37,0.3,Solid biofuel,-,Solid biofuel,-,-,-,-,40,-,40,-,-,-,-,0.2,-,0.2,-,-,-,-,1,-,1,-,-,-,-,1.2,-,1.2,-,-,-,-
PME-83,27.05.2021,Zemgales,"Jaunbērze, Jaunbērzes pagasts",Bērzu iela 12,Dobeles novads,1994,223.7,285.84,2.4,119.1,1,1,1,0,E,184.3,155.1,37.23,1,1,0,0,BIS-ĒED-2-2021-3855,C,72,29,0,0,0,101,83.13,83.1,53.6,,120,0,2.65,21.98,316,0.29,0.28,0.8,1.07,21,-,0.4,0.32,Gas,-,Gas,-,-,-,-,202,-,202,-,-,-,-,1.1,-,1.1,-,-,-,-,0,-,0,-,-,-,-,1.1,-,1.1,-,-,-,-
PME-87,27.05.2021,Rīgas,Zvejniekciems,Duntes 2,Saulkrastu novads,2007,171.8,368,2.5,147.4,1,0,0,0,E,170.98,152.92,0,1,0,0,0,BIS-ĒED-2-2022-2828,C,82,26,0,0,0,109,70.92,61.98,46.38,0,63,0,0,0,577,0.36,0.36,1.38,1.38,20,25,0.3,0.3,"Aerothermal, geothermal, hydrothermal and marine energy, hydropower",-,"Aerothermal, geothermal, hydrothermal and marine energy, hydropower",-,-,-,-,0,-,0,-,-,-,-,0,-,0,-,-,-,-,1,-,1,-,-,-,-,1,-,1,-,-,-,-
PME-80,27.05.2021,Rīgas,"Bigauņciems, Lapmežciema pagasts",B1zes iela 7,Engures novads,1997,94.5,211.25,2.5,84.5,2,1,0,0,D,165.9,110.1,6.78,1,1,0,0,BIS-ĒED-2-2022-3104,C,81,30,0,0,25,136,29.1,29.9,26.43,183,198,0,0.4,4.68,295,0.29,0.28,1.05,1.23,20,20,0.45,0.38,Wood/wood waste,-,Wood/wood waste,-,-,Electricity from the grid,-,15.6,-,15.6,-,-,109,-,1.1,-,1.1,-,-,1.9,-,0,-,0,-,-,0.6,-,1.1,-,1.1,-,-,2.5,-
PME-52,27.05.2021,Zemgales,Jelgava,Rītausmas iela 3,Jelgava,2004,140.5,324,2.5,129.6,2,0,0,1,D,130.4,96.9,5.57,1,0,0,0,BIS-ĒED-2-2021-2708,C,72,22,0,0,12,105,25.3,25.2,26.11,27,137,0,0.58,4.44,,,,,,,,,,,,,,,,,,,,,,,,,,,,,,,,,,,,,,,,,,,,
PME-157,27.05.2021,Zemgales,Viesīte,P. Stradiņa iela 10,Viesītes novads,1986,118.1,271.6,2.3,118.1,2,0,0,1,D,169.7,139.7,7.66,1,0,0,0,BIS-ĒED-2-2021-3749,C,84,24,0,0,6,114,55.5,56,39.73,27,156,0,0.6,5.07,,,,,,,,,,,,,,,,,,,,,,,,,,,,,,,,,,,,,,,,,,,,
PME-156,27.05.2021,Rīga,Rīga,Kalētu iela 1,Rīga,1963,210.1,497.3,2.8,177.6,2,1,0,0,E,160.8,139.3,32.58,1,0,0,0,BIS-ĒED-2-2021-2866,C,78,22,0,0,0,99,61.4,61.4,44.08,126,129,0,3.89,21.91,,,,,,,,,,,,,,,,,,,,,,,,,,,,,,,,,,,,,,,,,,,,
PME-153,27.05.2021,Rīgas,Salacgrīva,Smilšu iela 15,Salacgrīvas novads,1983,131.1,235.67,2.57,91.7,1,1,0,0,F,493.9,464.3,25.33,1,1,0,0,BIS-ĒED-2-2022-4158,C,90,31,4,0,0,125,374.3,368.9,80.62,62,206,0,0.68,7.37,374,0.23,0.25,1.05,1.39,20,25,0.48,0.09,Electricity from the grid,Solid biofuel,Electricity from the grid,Solid biofuel,Electricity from the grid,-,-,109,40,109,40,109,-,-,1.9,0.2,1.9,0.2,1.9,-,-,0.6,1,0.6,1,0.6,-,-,2.5,1.2,2.5,1.2,2.5,-,-
PME-95,27.05.2021,Latgales,Līvāni,Baznīcas iela 9,Līvānu novads,1955,135.62,337.53,2.6,129.82,2,1,0,1,E,168.3,134.6,7.52,1,1,0,0,BIS-ĒED-2-2022-3102,C,86,26,0,0,7,165,48.6,3.3,36.11,165,169,0,0.38,2.9,360,0.3,0.28,0.9,1.03,19,24,0.4,0.35,Wood/wood waste,-,Wood/wood waste,-,-,Electricity from the grid,-,15.6,-,15.6,-,-,109,-,1.1,-,1.1,-,-,1.9,-,0,-,0,-,-,0.6,-,1.1,-,1.1,-,-,2.5,-
PME-81,27.05.2021,Latgales,Rugāju pagasts,"""Kļavas""",Balvu novads,1936,103.7,241.68,2.65,91.2,1,0,0,0,F,252.1,196.2,13.94,1,0,0,0,BIS-ĒED-2-2021-3506,C,78,56,0,0,0,134,118.12,118.12,60.2,132,296,0,1.03,11.3,343,0.22,0.27,0.95,1.38,20,-,0.4,0.36,Wood stove,-,Electricity from the grid,-,-,-,-,40,-,109,-,-,-,-,0.2,-,1.9,-,-,-,-,1,-,0.6,-,-,-,-,1.2,-,2.5,-,-,-,-
PME-70,27.05.2021,Kurzemes,Saldus,Bērzu iela 12,Saldus novads,1963,57.3,139.75,2.5,55.9,1,0,0,0,D,204,146,13,1,0,0,0,BIS-ĒED-2-2022-3080,B,72,58,0,0,0,130,74,74,50.68,39,239,0,0.45,7.99,199,0.37,0.26,1.33,1.13,20.3,22.3,0.35,0.3,Solid biofuel,-,Solid biofuel,-,-,-,-,40,-,40,-,-,-,-,0.2,-,0.2,-,-,-,-,1,-,1,-,-,-,-,1.2,-,1.2,-,-,-,-
PME-47,27.05.2021,Zemgales,Bauska,1.maija iela 10,Bauskas novads,2007,134,361.8,2.7,134,2,0,1,0,E,145.87,125.03,29.47,1,1,0,0,BIS-ĒED-2-2022-3508,C,94,21,0,0,0,73,31.03,72.87,24.82,114,114,0,2.83,21.1,337,0.37,0.37,0.93,0.93,19,25,0.41,0.35,Gas,-,Gas,-,-,-,-,202,-,202,-,-,-,-,1.1,-,1.1,-,-,-,-,0,-,0,-,-,-,-,1.1,-,1.1,-,-,-,-
PME-135,27.05.2021,Rīgas,Tukums,Saules iela 9,Tukuma novads,1995,249.2,359.55,2.25,159.8,2,1,0,0,C,91,76,4,1,1,0,0,BIS-ĒED-2-2022-5964,A,44,15,0,0,0,59,32,32,42.11,16,81,0,0.38,2.4,346,0.32,0.32,0.7,0.79,20.5,21.3,0.35,0.27,Solid biofuel,-,Termālā enerģija,Electricity from the grid,-,-,-,40,-,0,109,-,-,-,0.2,-,0,1.9,-,-,-,1,-,1,0.6,-,-,-,1.2,-,1,2.5,-,-,-
PME-86,27.05.2021,Vidzemes,"Kārķi, Kārķu pagasts",Kalves,Valkas novads,1987,196.6,390.3,2.3,169.7,2,1,0,1,D,143.3,112.6,6.55,1,0,0,0,BIS-ĒED-2-2021-3750,C,90,19,0,0,12,120,23,23,20.43,26,152,0,0.83,4.89,,,,,,,,,,,,,,,,,,,,,,,,,,,,,,,,,,,,,,,,,,,,
PME-121,27.05.2021,Zemgales,Koknese,Upes iela 8,Kokneses novads,1988,126,326,2.5,130.5,2,0,1,0,E,150.2,132.33,6.01,1,1,0,0,BIS-ĒED-2-2022-2466,C,89,18,0,0,0,107,43.33,43.2,32.74,147,147,0,0.27,2.09,362,0.48,0.48,1.34,1.34,19,25,0.35,0.3,Wood/wood waste,-,Wood/wood waste,-,-,-,-,15.6,-,15.6,-,-,-,-,1.1,-,1.1,-,-,-,-,0,-,0,-,-,-,-,1.1,-,1.1,-,-,-,-
PME-104,27.05.2021,Vidzemes,Raunas pagasts,Vidzemes iela 1,Raunas novads,1930,116,287,2.9,99,1,1,0,0,D,174,149,13,1,1,1,0,BIS-ĒED-2-2022-906,C,83,31,0,0,0,114,66,60,44.3,26,139,0,0.47,4.71,294,0.39,0.26,1.16,0.83,20,24,0.35,0.35,Solid biofuel,-,Electricity from the grid,Solid biofuel,-,-,-,40,-,109,40,-,-,-,0.2,-,1.9,0.2,-,-,-,1,-,0.6,1,-,-,-,1.2,-,2.5,1.2,-,-,-
PME-19,27.05.2021,Zemgales,Jelgava ,Romas iela 72,Jelgavas novads,1959,102,255,2.5,102,2,0,1,0,D,156.1,125.7,6.82,1,1,0,0,BIS-ĒED-2-2022-2222,C,81,25,0,0,6,113,44.7,43.1,35.56,141,144,0,0.25,2.46,332,0.29,0.28,1.04,1.26,20,24,0.4,0.34,Wood/wood waste,-,Wood/wood waste,-,-,Electricity from the grid,-,15.6,-,15.6,-,-,109,-,1.1,-,1.1,-,-,1.9,-,0,-,0,-,-,0.6,-,1.1,-,1.1,-,-,2.5,-
PME-88,27.05.2021,Vidzemes,Cēsis,Smilgu iela 5,Cēsu novads,1983,66.29,149.59,2.4,62.33,2,1,0,0,D,192.3,146.6,36.91,1,0,0,0,bis-ēed-2-2022-3450,C,79,36,0,0,13,128,67.6,64.3,46.11,151,159,0,1.54,24.64,262,0.21,0.27,0.97,1.52,20,24,0.4,0.33,Gas,-,Gas,-,-,Electricity from the grid,-,202,-,202,-,-,109,-,1.1,-,1.1,-,-,1.9,-,0,-,0,-,-,0.6,-,1.1,-,1.1,-,-,2.5,-
PME-76,27.05.2021,Rīgas,Sigulda,Vainagu iela 8,Siguldas novads,1994,195.5,424.3,2.5,169.7,2,1,0,0,F,201.6,156.9,36.44,1,1,0,0,BIS-ĒED-2-2021-3582,C,90,20,0,0,27,137,67.3,65.1,42.89,122,135,0,3.76,22.17,,,,,,,,,,,,,,,,,,,,,,,,,,,,,,,,,,,,,,,,,,,,
PME-69,27.05.2021,Zemgales,Jelgava,Liepu iela 18,Jelgava,1997,258.6,569,2.4,237.1,2,0,0,0,D,132.1,123.6,5.9,1,1,0,0,BIS-ĒED-2-2022-2691,B,64,15,5,0,9,93,59.6,39.1,48.22,53,70,0,0.73,3.09,649,0.42,0.29,1.16,0.79,20,25,0.7,0.57,Electricity from the grid,-,Electricity from the grid,-,Electricity from the grid,Electricity from the grid,-,109,-,109,-,109,109,-,1.9,-,1.9,-,1.9,1.9,-,0.6,-,0.6,-,0.6,0.6,-,2.5,-,2.5,-,2.5,2.5,-
PME-94,27.05.2021,Vidzemes,Vestienas pagasts,Apīņi,Madonas novads,1950,93.2,233,2.5,93.2,1,0,0,0,F,206.91,193.16,8.23,1,0,0,0,BIS-ĒED-2-2022-6384,C,95,14,0,0,0,109,98.16,97.91,50.82,27,163,0,0.51,5.43,366,0.38,0.38,1.48,1.48,19,25,0.36,0.3,Solid biofuel,-,Solid biofuel,-,-,-,-,40,-,40,-,-,-,-,0.2,-,0.2,-,-,-,-,1,-,1,-,-,-,-,1.2,-,1.2,-,-,-,-
PME-51,27.05.2021,Rīgas,Garkalne,St1nu iela 3,Ādažu novads,2014,303.29,598.8,3,199.6,2,1,0,0,D,136.14,116.29,5.45,1,0,1,1,BIS-EED-2-2022-5115,C,90,20,0,0,0,110,26.29,26.14,22.61,27,164,0,1.09,5.48,548,0.41,0.41,1.13,1.13,20,25,0.35,0.3,Solid biofuel,-,Solid biofuel,-,-,-,-,40,-,40,-,-,-,-,0.2,-,0.2,-,-,-,-,1,-,1,-,-,-,-,1.2,-,1.2,-,-,-,-
PME-84,27.05.2021,Vidzemes,Valmiera,Sporta iela 28,Valmiera,1998,366.4,727,2.4,302.9,3,1,0,0,E,156.4,134.9,7.97,1,1,0,0,BIS-ĒED-2-2021-3026,C,78,22,0,0,0,100,57,56.9,42.25,30,152,0,1.56,5.15,,,,,,,,,,,,,,,,,,,,,,,,,,,,,,,,,,,,,,,,,,,,
PME-44,27.05.2021,Zemgales,"Dalbe, Cenu pagasts",Alejas iela 1,Ozolnieku novads,1999,102.4,284.96,2.6,109.6,2,0,1,0,D,157.92,136.82,6.32,1,1,0,0,BIS-ĒED-2-2022-4119,C,93,21,0,0,0,114,43.82,43.92,32.03,0,66,0,0,0,351,0.35,0.35,1.1,1.1,20,25,0.3,0.3,"Aerothermal, geothermal, hydrothermal and marine energy, hydropower",-,"Aerothermal, geothermal, hydrothermal and marine energy, hydropower",-,-,-,-,0,-,0,-,-,-,-,0,-,0,-,-,-,-,1,-,1,-,-,-,-,1,-,1,-,-,-,-
PME-74,27.05.2021,Zemgales,Jelgava,Lauku iela 1,Jelgava,2017,233.7,584,2.6,224.75,2,0,0,0,D,123.32,106.02,4.93,1,1,0,0,BIS-ĒED-2-2022-635,C,80,17,2,0,0,99,26.02,24.32,24.54,6,104,0,0.09,0.4,711,0.33,0.33,1.05,1.3,19,25,0.41,0.12,Electricity from the grid,"Aerothermal, geothermal, hydrothermal and marine energy, hydropower","Aerothermal, geothermal, hydrothermal and marine energy, hydropower",-,Electricity from the grid,-,-,109,0,0,-,109,-,-,1.9,0,0,-,1.9,-,-,0.6,1,1,-,0.6,-,-,2.5,1,1,-,2.5,-,-
PME-78,27.05.2021,Kurzemes,Novadnieku pagasts,Mārtiņi,Saldus novads,1936,71.9,150,2.35,64.1,1,0,0,0,C,132,94,11,1,1,1,0,BIS-ĒED-2-2022-178,A,47,31,0,0,0,78,47,54,50,84,85,0,386.15,0.2,206,0.34,0.27,1.11,1.24,20,24,0.35,0.28,Gas,-,Gas,-,Elektroenerģija ar ēku energoefektivitāti (ĒEE) nesaistītai lietošanai,-,-,202,-,202,-,109,-,-,1.1,-,1.1,-,1.9,-,-,0,-,0,-,0.6,-,-,1.1,-,1.1,-,2.5,-,-
PME-35,27.05.2021,Kurzemes,Rumbas pagasts,Rijaskalni,Kuldīgas novads,1929,114.5,511,2.37,114.5,1,0,1,0,F,320,286.9,8.19,1,1,0,0,BIS-ĒED-2-2022-839,C,87,23,0,0,0,110,199.9,210,69.68,41,142,0,0.51,2.35,622,0.35,0.27,0.85,1.11,20,0,0.5,0.4,"Aerothermal, geothermal, hydrothermal and marine energy, hydropower",Electricity from the grid,"Aerothermal, geothermal, hydrothermal and marine energy, hydropower",Electricity from the grid,-,-,-,0,109,0,109,-,-,-,0,1.9,0,1.9,-,-,-,1,0.6,1,0.6,-,-,-,1,2.5,1,2.5,-,-,-
PME-18,27.05.2021,Zemgales,Jelgava,Iecavas iela 9,Jelgava,1978,248.36,745,3,198.36,3,0,0,1,D,131.77,108.39,5.27,1,1,0,0,BIS-ĒED-2-2022-1098,C,68,23,0,0,0,92,40.39,39.77,37.26,100,100,0,0.35,1.43,628,0.34,0.3,0.85,0.76,19,25,0.4,0.3,Wood/wood waste,-,Wood/wood waste,-,-,-,-,15.6,-,15.6,-,-,-,-,1.1,-,1.1,-,-,-,-,0,-,0,-,-,-,-,1.1,-,1.1,-,-,-,-
PME-59,27.05.2021,Rīgas,Ogresgals,Ābeļu iela 4,Ogres novads,1985,162.1,362.9,2.3,157.8,2,1,0,1,F,191,159.6,8.67,1,0,0,0,BIS-ĒED-2-2021-3715,C,86,21,0,0,10,116,74.1,75.1,46.43,26,150,0,0.76,4.84,,,,,,,,,,,,,,,,,,,,,,,,,,,,,,,,,,,,,,,,,,,,
PME-58,27.05.2021,Kurzemes,"Saulaine, Priekules pagasts",Bērzu iela 13,Priekules novads,1956,143.9,321,2.58,124.6,2,1,0,0,C,92,72,8.6,1,0,0,0,BIS-EĒD-2-2022-2959,A,40,20,0,0,0,60,32,32,44.44,18,110,0,0.46,3.69,317,0.26,0.28,0.68,0.87,20,21,0.35,0.31,Solid biofuel,-,Solid biofuel,-,-,-,-,40,-,40,-,-,-,-,0.2,-,0.2,-,-,-,-,1,-,1,-,-,-,-,1.2,-,1.2,-,-,-,-
PME-45,27.05.2021,Kurzemes,Saldu,Liepu 6,Saldus novads,1970,75.7,157.3,2.55,61.7,1,0,0,0,D,169,130,13,1,1,0,0,BIS-ĒED-2-2021-3947,B,70,39,0,4,0,113,60,56,46.15,82,17,0,0.3,4.7,228,0.33,0.26,1.25,1.34,20,24,0.35,0.3,Vides enerģija,-,Electricity from the grid,-,-,-,-,0,-,109,-,-,-,-,0,-,1.9,-,-,-,-,1,-,0.6,-,-,-,-,1,-,2.5,-,-,-,-
PME-41,27.05.2021,Vidzemes,Liezēres pagasts,Birzītes,Madonas novads,1932,129.1,296.93,2.3,129.1,2,0,0,1,D,156.6,126.9,6.8,1,0,0,0,BIS-ĒED-2-2022-4032,C,88,19,0,0,11,118,38.9,38.6,30.65,141,145,0,0.32,2.46,425,0.2,0.3,0.8,1.1,20,20,0.5,0.4,Wood/wood waste,-,Wood/wood waste,-,-,Electricity from the grid,-,15.6,-,15.6,-,-,109,-,1.1,-,1.1,-,-,1.9,-,0,-,0,-,-,0.6,-,1.1,-,1.1,-,-,2.5,-
PME-36,27.05.2021,Zemgales,"Koknese, Kokneses pagasts",Dzeņu iela 35,Kokneses novads,1990,117.1,304,2.6,117.1,2,0,1,0,E,201.89,174.7,8.08,1,1,0,0,BIS-ĒED-1-2022-34,C,94,27,0,0,0,122,80.7,79.89,46.19,133,133,0,0.22,1.9,385,0.55,0.3,1.8,1,18,25,0.3,0.3,Wood/wood waste,-,Wood/wood waste,-,-,-,-,15.6,-,15.6,-,-,-,-,1.1,-,1.1,-,-,-,-,0,-,0,-,-,-,-,1.1,-,1.1,-,-,-,-
PME-32,27.05.2021,Rīgas,Lielvārde,Miera iela 28a,Lielvārdes novads,1987,91.4,269,2.95,91.4,1,0,0,0,F,333.4,319.9,17.47,1,1,0,0,BIS-ĒED-2-2022-519,C,87,30,4,0,0,121,232.9,212.4,72.8,62,170,0,0.33,3.6,359,0.22,0.25,0.97,1.29,20,25,0.44,0.12,Electricity from the grid,"Aerothermal, geothermal, hydrothermal and marine energy, hydropower",Electricity from the grid,"Aerothermal, geothermal, hydrothermal and marine energy, hydropower",Electricity from the grid,-,-,109,0,109,0,109,-,-,1.9,0,1.9,0,1.9,-,-,0.6,1,0.6,1,0.6,-,-,2.5,1,2.5,1,2.5,-,-
PME-31,27.05.2021,Vidzemes,Annas pagasts,Dālderi,Alūksnes novads,1980,113.9,217,2.36,92.3,2,0,0,0,D,134,108,9,1,0,0,0,BIS-ĒED-2-2022-2845,B,72,26,0,0,0,98,36,36,33.33,71,197,0,0.67,7.23,215,0.4,0.28,0.96,0.79,20,21,0.35,0.29,Solid biofuel,-,Electricity from the grid,-,-,-,-,40,-,109,-,-,-,-,0.2,-,1.9,-,-,-,-,1,-,0.6,-,-,-,-,1.2,-,2.5,-,-,-,-
PME-23,27.05.2021,Latgales,Rēzekne,Čaču iela 11,Rēzekne,2005,208.4,547,2.7,202.6,2,0,0,0,C,110,85,20,1,1,0,0, BIS-ĒED-2-2021-3929,B,59,12,0,1,0,72,26,38,30.59,20,10,0,0.7,3.7,471,0.39,0.27,0.99,0.91,20,24,0.35,0.32,Wood/wood waste,-,Wood/wood waste,-,-,-,-,40,-,40,-,-,-,-,0.2,-,0.2,-,-,-,-,1,-,1,-,-,-,-,1.2,-,1.2,-,-,-,-
PME-17,27.05.2021,Rīgas,Salaspils ,Dunduru iela 11,Salaspils novads,2009,255.9,593,2.32,255.9,2,0,0,1,E,122.42,101.44,5.76,0,1,0,0,BIS-ĒED-2-2022-587,C,77,21,2,0,0,100,24.44,22.42,24.09,23,122,0,1.05,4.12,695,0.34,0.29,1,1.07,20,0,0.47,0.32,Solid biofuel,-,Solid biofuel,-,Electricity from the grid,-,-,40,-,40,-,109,-,-,0.2,-,0.2,-,1.9,-,-,1,-,1,-,0.6,-,-,1.2,-,1.2,-,2.5,-,-
PME-16,27.05.2021,Rīgas,Tukums,Veļķu 1,Tukuma nov.,1982,194.6,252,2.5,101.1,1,1,0,0,F,313.3,284.4,16.7,1,1,0,0,BIS-ĒED-2-2022-2726,C,93,30,4,0,0,127,191.4,186.3,67.3,61,208,0,0.75,7.42,425,0.25,0.26,1.14,1.39,19,25,0.47,0.11,Electricity from the grid,Solid biofuel,Electricity from the grid,Solid biofuel,Electricity from the grid,-,-,109,40,109,40,109,-,-,1.9,0.2,1.9,0.2,1.9,-,-,0.6,1,0.6,1,0.6,-,-,2.5,1.2,2.5,1.2,2.5,-,-
PME-33,27.05.2021,Zemgales,"Vītoliņi, Valgundes pag.",Kļavu iela 1,Jelgavas novads,1985,190.8,276.75,2.5,110.7,2,1,1,0,F,183.25,161.99,7.33,1,1,0,0,BIS-ĒED-2-2022-4120,C,85,27,0,0,0,111,76.99,72.25,47.53,153,153,0,0.24,2.17,277,0.55,0.55,1.4,1.4,19,25,0.3,0.3,Wood/wood waste,-,Wood/wood waste,-,-,-,-,15.6,-,15.6,-,-,-,-,1.1,-,1.1,-,-,-,-,0,-,0,-,-,-,-,1.1,-,1.1,-,-,-,-
PME-15,27.05.2021,Rīgas,Ikšķile,Bērzu iela 3,Ikšķiles novads,1960,116.71,245,2.5,98.23,2,1,0,1,F,297.3,236.9,12.19,1,0,0,0,BIS-ĒED-2-2022-2680,C,84,29,0,0,31,145,152.9,152.3,64.54,198,217,0,0.53,5.39,323,0.27,0.29,0.96,1.3,20,20,0.45,0.38,Wood/wood waste,-,Wood/wood waste,-,-,Electricity from the grid,-,15.6,-,15.6,-,-,109,-,1.1,-,1.1,-,-,1.9,-,0,-,0,-,-,0.6,-,1.1,-,1.1,-,-,2.5,-
PME-28,27.05.2021,Zemgales,Jelgava,Upeņu iela 14,Jelgava,1987,22.3,60.21,2.7,22.3,1,0,0,0,F,241,241,17,1,1,0,0,BIS-ĒED-2-2022-3539,C,90,0,0,0,0,90,151,151,62.66,27,165,0,0.12,5.52,96,0.35,0.37,1.6,1.94,18.5,21.5,0.35,0.32,Solid biofuel,-,-,-,-,-,-,40,-,-,-,-,-,-,0.2,-,-,-,-,-,-,1,-,-,-,-,-,-,1.2,-,-,-,-,-,-
PME-11,27.05.2021,Rīgas,Lielvārdes pilsēta,Paegļu iela 4,Ogres novads,2007,273.3,644,2.8,219.1,2,0,0,0,D,107.82,93.94,21.78,1,1,0,0,BIS-ĒED-2-2022-983,C,73,18,0,0,0,91,20.94,16.82,22.29,100,100,0,1.18,5.11,655,0.3,0.31,0.87,0.89,19,25,0.38,0.35,Gas,-,Gas,-,-,-,-,56.1,-,56.1,-,-,-,-,1.1,-,1.1,-,-,-,-,0,-,0,-,-,-,-,1.1,-,1.1,-,-,-,-
PME-13,27.05.2021,Rīgas,Tīnūžu pagasts,Asarīši,Ikšķiles novads,2008,197.7,445,2.65,168.3,2,0,0,1,C,117.6,81,0.3,1,1,0,1,BIS-ĒED-2-2022-803,B,63,21,0,0,15,99,18,18.6,22.22,74,158,0,0.72,4.27,459,0.25,0.3,0.7,1.01,20,20,0.45,0.41,Electricity from the grid,"Aerothermal, geothermal, hydrothermal and marine energy, hydropower",Electricity from the grid,"Aerothermal, geothermal, hydrothermal and marine energy, hydropower",-,Electricity from the grid,"Aerothermal, geothermal, hydrothermal and marine energy, hydropower",109,0,109,0,-,109,0,1.9,0,1.9,0,-,1.9,0,0.6,1,0.6,1,-,0.6,1,2.5,1,2.5,1,-,2.5,1
PME-10,27.05.2021,Zemgales,Jelgava,Ausekļa iela 58,Jelgava,1947,112.7,259.21,2.3,112.7,2,1,0,0,D,167,127.7,32.06,1,0,0,0,BIS-ĒED-2-2022-4918,C,90,28,0,0,9,127,37.7,40,29.52,147,153,0,2.8,24.84,376,0.34,0.28,1.19,1.24,20,24,0.41,0.32,Gas,-,Gas,-,-,Electricity from the grid,-,202,-,202,-,-,109,-,1.1,-,1.1,-,-,1.9,-,0,-,0,-,-,0.6,-,1.1,-,1.1,-,-,2.5,-
PME-8,27.05.2021,Vidzemes,Valmiera,Mazā Loku iela 8,Valmiera,1987,171.9,307.7,2.4,128.2,2,1,0,1,D,149.4,127.9,0.78,1,1,0,0,BIS-ĒED-2-2021-2489,C,71,22,0,0,0,93,56.6,56.6,44.25,14,53,0,0.1,0.79,409,0.29,0.29,0.98,1.21,20,0,0.5,0.41,"Aerothermal, geothermal, hydrothermal and marine energy, hydropower",-,"Aerothermal, geothermal, hydrothermal and marine energy, hydropower",-,-,"Aerothermal, geothermal, hydrothermal and marine energy, hydropower",-,0,-,0,-,-,0,-,0,-,0,-,-,0,-,1,-,1,-,-,1,-,1,-,1,-,-,1,-
PME-6,27.05.2021,Rīgas,Sigulda,Nākotnes iela 55,Siguldas novads,2004,261.5,502.5,2.5,201,2,0,0,0,D,124.6,93,22.1,1,1,0,1,BIS-ĒED-2-2022-96,B,64,15,0,0,18,96,29.2,28.3,31.4,92,102,0,3.27,16.25,,,,,,,,,,,,,,,,,,,,,,,,,,,,,,,,,,,,,,,,,,,,
